contributors,coordinates,created_at,display_text_range,entities,favorite_count,favorited,full_text,geo,id,id_str,in_reply_to_screen_name,in_reply_to_status_id,in_reply_to_status_id_str,in_reply_to_user_id,in_reply_to_user_id_str,is_quote_status,lang,place,possibly_sensitive,retweet_count,retweeted,source,truncated,user,permalink,user_mentions,hashtags,author_name,author_followers
,,2018-05-11 20:52:42,"[0, 212]","{'hashtags': [], 'symbols': [], 'user_mentions': [{'screen_name': 'bswhealth', 'name': 'Baylor Scott & White', 'id': 3794863392, 'id_str': '3794863392', 'indices': [43, 53]}, {'screen_name': 'Health_Affairs', 'name': 'Health Affairs', 'id': 15235829, 'id_str': '15235829', 'indices': [162, 177]}, {'screen_name': 'fourhourtarget', 'name': 'Malcolm McKenzie', 'id': 196777778, 'id_str': '196777778', 'indices': [178, 193]}, {'screen_name': 'MDaware', 'name': 'Seth Trueger', 'id': 309124612, 'id_str': '309124612', 'indices': [194, 202]}, {'screen_name': 'felly500', 'name': 'greg fell', 'id': 250349129, 'id_str': '250349129', 'indices': [203, 212]}], 'urls': [{'url': 'https://t.co/Jl7qwuaVgR', 'expanded_url': 'https://www.healthaffairs.org/doi/full/10.1377/hlthaff.2017.1099', 'display_url': 'healthaffairs.org/doi/full/10.13‚Ä¶', 'indices': [134, 157]}]}",3,False,"Innovative Population Health Model used by @bswhealth Associated With Reduced Emergency Department Use And Inpatient Hospitalizations
https://t.co/Jl7qwuaVgR via @Health_Affairs @fourhourtarget @MDaware @felly500",,995044046820306945,995044046820306945,,,,,,False,en,,False,3,False,"<a href=""http://twitter.com/download/android"" rel=""nofollow"">Twitter for Android</a>",False,"{'id': 28824136, 'id_str': '28824136', 'name': 'Ash Paul', 'screen_name': 'pash22', 'location': 'United Kingdom', 'description': 'Public Hlth Dr,interested in evid-based health services commissioning,clinical leadership & hlth policy.My views are my own,RTs are no endorsements', 'url': None, 'entities': {'description': {'urls': []}}, 'protected': False, 'followers_count': 23825, 'friends_count': 26174, 'listed_count': 798, 'created_at': 'Sat Apr 04 16:39:49 +0000 2009', 'favourites_count': 7936, 'utc_offset': None, 'time_zone': None, 'geo_enabled': False, 'verified': False, 'statuses_count': 202075, 'lang': None, 'contributors_enabled': False, 'is_translator': False, 'is_translation_enabled': False, 'profile_background_color': '642D8B', 'profile_background_image_url': 'http://abs.twimg.com/images/themes/theme10/bg.gif', 'profile_background_image_url_https': 'https://abs.twimg.com/images/themes/theme10/bg.gif', 'profile_background_tile': True, 'profile_image_url': 'http://pbs.twimg.com/profile_images/994842999279509504/FAWXyrnO_normal.jpg', 'profile_image_url_https': 'https://pbs.twimg.com/profile_images/994842999279509504/FAWXyrnO_normal.jpg', 'profile_link_color': 'FF0000', 'profile_sidebar_border_color': '65B0DA', 'profile_sidebar_fill_color': '7AC3EE', 'profile_text_color': '3D1957', 'profile_use_background_image': True, 'has_extended_profile': False, 'default_profile': False, 'default_profile_image': False, 'following': False, 'follow_request_sent': False, 'notifications': False, 'translator_type': 'none'}",https://twitter.com/pash22/status/995044046820306945,"['felly500', 'Health_Affairs', 'MDaware', 'bswhealth', 'fourhourtarget']",[],pash22,23825
,,2018-05-07 15:30:09,"[0, 197]","{'hashtags': [{'text': 'PopHealth', 'indices': [181, 191]}, {'text': 'SDoH', 'indices': [192, 197]}], 'symbols': [], 'user_mentions': [{'screen_name': 'Health_Affairs', 'name': 'Health Affairs', 'id': 15235829, 'id_str': '15235829', 'indices': [24, 39]}], 'urls': [{'url': 'https://t.co/ljNiIqiUo6', 'expanded_url': 'http://ow.ly/yOjw30jRXCK', 'display_url': 'ow.ly/yOjw30jRXCK', 'indices': [157, 180]}]}",1,False,"What we're reading, via @Health_Affairs: Innovative Population Health Model Associated With Reduced Emergency Department Use And Inpatient Hospitalizations: https://t.co/ljNiIqiUo6 #PopHealth #SDoH",,993513323726622724,993513323726622724,,,,,,False,en,,False,1,False,"<a href=""http://www.hootsuite.com"" rel=""nofollow"">Hootsuite</a>",False,"{'id': 66384753, 'id_str': '66384753', 'name': 'PHI', 'screen_name': 'PHIdotorg', 'location': 'Oakland, California', 'description': 'The Public Health Institute (PHI) promotes #health, well-being and quality of life for people throughout California, across the nation and around the world.', 'url': 'http://t.co/A0Mtemr2T2', 'entities': {'url': {'urls': [{'url': 'http://t.co/A0Mtemr2T2', 'expanded_url': 'http://www.phi.org', 'display_url': 'phi.org', 'indices': [0, 22]}]}, 'description': {'urls': []}}, 'protected': False, 'followers_count': 7526, 'friends_count': 3154, 'listed_count': 328, 'created_at': 'Mon Aug 17 15:52:04 +0000 2009', 'favourites_count': 4449, 'utc_offset': None, 'time_zone': None, 'geo_enabled': True, 'verified': False, 'statuses_count': 17599, 'lang': None, 'contributors_enabled': False, 'is_translator': False, 'is_translation_enabled': False, 'profile_background_color': '4C90CC', 'profile_background_image_url': 'http://abs.twimg.com/images/themes/theme1/bg.png', 'profile_background_image_url_https': 'https://abs.twimg.com/images/themes/theme1/bg.png', 'profile_background_tile': False, 'profile_image_url': 'http://pbs.twimg.com/profile_images/2374060145/yl0763rlf7lux7odjwxt_normal.jpeg', 'profile_image_url_https': 'https://pbs.twimg.com/profile_images/2374060145/yl0763rlf7lux7odjwxt_normal.jpeg', 'profile_banner_url': 'https://pbs.twimg.com/profile_banners/66384753/1401474914', 'profile_link_color': 'B34215', 'profile_sidebar_border_color': 'C0DEED', 'profile_sidebar_fill_color': 'DDEEF6', 'profile_text_color': '333333', 'profile_use_background_image': True, 'has_extended_profile': False, 'default_profile': False, 'default_profile_image': False, 'following': False, 'follow_request_sent': False, 'notifications': False, 'translator_type': 'none'}",https://twitter.com/PHIdotorg/status/993513323726622724,['Health_Affairs'],"['SDoH', 'PopHealth']",PHIdotorg,7526
,,2018-05-02 12:12:20,"[0, 155]","{'hashtags': [], 'symbols': [], 'user_mentions': [], 'urls': [{'url': 'https://t.co/rnt7P43QuZ', 'expanded_url': 'https://www.healthaffairs.org/doi/abs/10.1377/hlthaff.2017.1099?utm_term=Innovative+Population+Health+Model+Associated+With+Reduced+Emergency+Department+Use+And+Inpatient+Hospitalizations&utm_campaign=Health+Affairs+Today+Newsletter&utm_content=email&utm_source=2018-05-1&utm_medium=email&cm_mmc=Act-On+Software-_-email-_-%5BPresented+by+National+Quality+Forum%5D+Opioid+Crisis+In+Medicaid%3A+Mothers+And+Babies%3B+Population+Health+Model+Associated+With+Reduced+ED+Use-_-Innovative+Population+Health+Model+Associated+With+Reduced+Emergency+Department+Use+And+Inpatient+Hospitalizations#.WumrIkZiqos.twitter', 'display_url': 'healthaffairs.org/doi/abs/10.137‚Ä¶', 'indices': [132, 155]}]}",0,False,Innovative Population Health Model Associated With Reduced Emergency Department Use And Inpatient Hospitalizations | Health Affairs https://t.co/rnt7P43QuZ,,991651601201934336,991651601201934336,,,,,,False,en,,False,0,False,"<a href=""http://twitter.com"" rel=""nofollow"">Twitter Web Client</a>",False,"{'id': 2422072088, 'id_str': '2422072088', 'name': 'I Love Public Health', 'screen_name': 'PublicHealthRTs', 'location': 'United States', 'description': 'Trying to use my social media powers for good. Promoting #PublicHealth knowledge/trends/news one (re)tweet at a time. IGüì∏: ILovePublicHealth', 'url': 'https://t.co/Y7VdCzTrd5', 'entities': {'url': {'urls': [{'url': 'https://t.co/Y7VdCzTrd5', 'expanded_url': 'http://www.instagram.com/ilovepublichealth', 'display_url': 'instagram.com/ilovepublichea‚Ä¶', 'indices': [0, 23]}]}, 'description': {'urls': []}}, 'protected': False, 'followers_count': 1598, 'friends_count': 2594, 'listed_count': 344, 'created_at': 'Tue Apr 01 12:58:30 +0000 2014', 'favourites_count': 1095, 'utc_offset': None, 'time_zone': None, 'geo_enabled': True, 'verified': False, 'statuses_count': 52457, 'lang': None, 'contributors_enabled': False, 'is_translator': False, 'is_translation_enabled': False, 'profile_background_color': '000000', 'profile_background_image_url': 'http://abs.twimg.com/images/themes/theme13/bg.gif', 'profile_background_image_url_https': 'https://abs.twimg.com/images/themes/theme13/bg.gif', 'profile_background_tile': False, 'profile_image_url': 'http://pbs.twimg.com/profile_images/1110698601532088321/sIsLkVo1_normal.jpg', 'profile_image_url_https': 'https://pbs.twimg.com/profile_images/1110698601532088321/sIsLkVo1_normal.jpg', 'profile_banner_url': 'https://pbs.twimg.com/profile_banners/2422072088/1443534889', 'profile_link_color': '4A913C', 'profile_sidebar_border_color': '000000', 'profile_sidebar_fill_color': '000000', 'profile_text_color': '000000', 'profile_use_background_image': False, 'has_extended_profile': False, 'default_profile': False, 'default_profile_image': False, 'following': False, 'follow_request_sent': False, 'notifications': False, 'translator_type': 'none'}",https://twitter.com/PublicHealthRTs/status/991651601201934336,[],[],PublicHealthRTs,1598
,,2018-05-01 20:48:05,"[0, 155]","{'hashtags': [], 'symbols': [], 'user_mentions': [], 'urls': [{'url': 'https://t.co/nZCbSWgaYC', 'expanded_url': 'https://www.healthaffairs.org/doi/abs/10.1377/hlthaff.2017.1099?utm_term=Innovative+Population+Health+Model+Associated+With+Reduced+Emergency+Department+Use+And+Inpatient+Hospitalizations&utm_campaign=Health+Affairs+Today+Newsletter&utm_content=email&utm_source=2018-05-1&utm_medium=email&cm_mmc=Act-On+Software-_-email-_-TEST-%5BPresented+by+National+Quality+Forum%5D+Opioid+Crisis+In+Medicaid%3A+Mothers+And+Babies%3B+Population+Health+Model+Associated+With+Reduced+ED+Use-_-Innovative+Population+Health+Model+Associated+With+Reduced+Emergency+Department+Use+And+Inpatient+Hospitalizations&cm_mmc=Act-On+Software-_-email-_-%5BPresented+by+National+Quality+Forum%5D+Opioid+Crisis+In+Medicaid%3A+Mothers+And+Babies%3B+Population+Health+Model+Associated+With+Reduced+ED+Use-_-Read+More+%2526gt%3B%2526gt%3B#.WujSglsuK9w.twitter', 'display_url': 'healthaffairs.org/doi/abs/10.137‚Ä¶', 'indices': [132, 155]}]}",0,False,Innovative Population Health Model Associated With Reduced Emergency Department Use And Inpatient Hospitalizations | Health Affairs https://t.co/nZCbSWgaYC,,991419005616476160,991419005616476160,,,,,,False,en,,False,0,False,"<a href=""http://twitter.com"" rel=""nofollow"">Twitter Web Client</a>",False,"{'id': 331056242, 'id_str': '331056242', 'name': 'Ross Perry', 'screen_name': 'oliverrossperry', 'location': 'Toronto ', 'description': 'Ross & his team are developing new approaches to chronic disease management by adjusting oral dysbiosis.', 'url': 'https://t.co/x7Nn8yX1YL', 'entities': {'url': {'urls': [{'url': 'https://t.co/x7Nn8yX1YL', 'expanded_url': 'http://www.chxtechnologies.com', 'display_url': 'chxtechnologies.com', 'indices': [0, 23]}]}, 'description': {'urls': []}}, 'protected': False, 'followers_count': 427, 'friends_count': 1241, 'listed_count': 8, 'created_at': 'Thu Jul 07 15:45:56 +0000 2011', 'favourites_count': 2881, 'utc_offset': None, 'time_zone': None, 'geo_enabled': False, 'verified': False, 'statuses_count': 4286, 'lang': None, 'contributors_enabled': False, 'is_translator': False, 'is_translation_enabled': False, 'profile_background_color': 'C6E2EE', 'profile_background_image_url': 'http://abs.twimg.com/images/themes/theme2/bg.gif', 'profile_background_image_url_https': 'https://abs.twimg.com/images/themes/theme2/bg.gif', 'profile_background_tile': False, 'profile_image_url': 'http://pbs.twimg.com/profile_images/483972888207163394/_FB3tV5M_normal.jpeg', 'profile_image_url_https': 'https://pbs.twimg.com/profile_images/483972888207163394/_FB3tV5M_normal.jpeg', 'profile_link_color': '1F98C7', 'profile_sidebar_border_color': 'C6E2EE', 'profile_sidebar_fill_color': 'DAECF4', 'profile_text_color': '663B12', 'profile_use_background_image': True, 'has_extended_profile': False, 'default_profile': False, 'default_profile_image': False, 'following': False, 'follow_request_sent': False, 'notifications': False, 'translator_type': 'none'}",https://twitter.com/oliverrossperry/status/991419005616476160,[],[],oliverrossperry,427
,,2018-05-01 13:24:57,"[0, 146]","{'hashtags': [{'text': 'Emergency', 'indices': [59, 69]}, {'text': 'GPHO', 'indices': [116, 121]}], 'symbols': [], 'user_mentions': [], 'urls': [{'url': 'https://t.co/TYjqN1rVeV', 'expanded_url': 'https://www.healthaffairs.org/doi/full/10.1377/hlthaff.2017.1099', 'display_url': 'healthaffairs.org/doi/full/10.13‚Ä¶', 'indices': [123, 146]}]}",2,False,"Innovative Population Health Model Associated With Reduced #Emergency Department Use And Inpatient Hospitalizations #GPHO 
https://t.co/TYjqN1rVeV",,991307490355761152,991307490355761152,,,,,,False,en,,False,5,False,"<a href=""http://www.handmark.com"" rel=""nofollow"">TweetCaster for iOS</a>",False,"{'id': 2565865626, 'id_str': '2565865626', 'name': 'Global Health Observ', 'screen_name': 'GlobalPHObserv', 'location': 'Baltimore MD USA', 'description': 'Johns Hopkins University - School of Public Health - Academic-based public health observatory - operational research and training  - Epidemiology Methods', 'url': 'https://t.co/ZkYMtFS7IO', 'entities': {'url': {'urls': [{'url': 'https://t.co/ZkYMtFS7IO', 'expanded_url': 'http://gpho.info', 'display_url': 'gpho.info', 'indices': [0, 23]}]}, 'description': {'urls': []}}, 'protected': False, 'followers_count': 2490, 'friends_count': 701, 'listed_count': 288, 'created_at': 'Fri Jun 13 20:40:04 +0000 2014', 'favourites_count': 1248, 'utc_offset': None, 'time_zone': None, 'geo_enabled': False, 'verified': False, 'statuses_count': 35584, 'lang': None, 'contributors_enabled': False, 'is_translator': False, 'is_translation_enabled': False, 'profile_background_color': 'C0DEED', 'profile_background_image_url': 'http://abs.twimg.com/images/themes/theme1/bg.png', 'profile_background_image_url_https': 'https://abs.twimg.com/images/themes/theme1/bg.png', 'profile_background_tile': False, 'profile_image_url': 'http://pbs.twimg.com/profile_images/685926471077072896/FVn9MBix_normal.jpg', 'profile_image_url_https': 'https://pbs.twimg.com/profile_images/685926471077072896/FVn9MBix_normal.jpg', 'profile_banner_url': 'https://pbs.twimg.com/profile_banners/2565865626/1559767145', 'profile_link_color': '1DA1F2', 'profile_sidebar_border_color': 'C0DEED', 'profile_sidebar_fill_color': 'DDEEF6', 'profile_text_color': '333333', 'profile_use_background_image': True, 'has_extended_profile': True, 'default_profile': True, 'default_profile_image': False, 'following': False, 'follow_request_sent': False, 'notifications': False, 'translator_type': 'none'}",https://twitter.com/GlobalPHObserv/status/991307490355761152,[],"['Emergency', 'GPHO']",GlobalPHObserv,2490
,,2018-04-16 12:05:06,"[0, 197]","{'hashtags': [{'text': 'PopHealth', 'indices': [181, 191]}, {'text': 'SDoH', 'indices': [192, 197]}], 'symbols': [], 'user_mentions': [{'screen_name': 'Health_Affairs', 'name': 'Health Affairs', 'id': 15235829, 'id_str': '15235829', 'indices': [24, 39]}], 'urls': [{'url': 'https://t.co/LmKSNpnpRk', 'expanded_url': 'http://ow.ly/suuz30ju5Lt', 'display_url': 'ow.ly/suuz30ju5Lt', 'indices': [157, 180]}]}",0,False,"What we're reading, via @Health_Affairs: Innovative Population Health Model Associated With Reduced Emergency Department Use And Inpatient Hospitalizations: https://t.co/LmKSNpnpRk #PopHealth #SDoH",,985851576949624832,985851576949624832,,,,,,False,en,,False,0,False,"<a href=""http://www.hootsuite.com"" rel=""nofollow"">Hootsuite</a>",False,"{'id': 66384753, 'id_str': '66384753', 'name': 'PHI', 'screen_name': 'PHIdotorg', 'location': 'Oakland, California', 'description': 'The Public Health Institute (PHI) promotes #health, well-being and quality of life for people throughout California, across the nation and around the world.', 'url': 'http://t.co/A0Mtemr2T2', 'entities': {'url': {'urls': [{'url': 'http://t.co/A0Mtemr2T2', 'expanded_url': 'http://www.phi.org', 'display_url': 'phi.org', 'indices': [0, 22]}]}, 'description': {'urls': []}}, 'protected': False, 'followers_count': 7526, 'friends_count': 3154, 'listed_count': 328, 'created_at': 'Mon Aug 17 15:52:04 +0000 2009', 'favourites_count': 4449, 'utc_offset': None, 'time_zone': None, 'geo_enabled': True, 'verified': False, 'statuses_count': 17599, 'lang': None, 'contributors_enabled': False, 'is_translator': False, 'is_translation_enabled': False, 'profile_background_color': '4C90CC', 'profile_background_image_url': 'http://abs.twimg.com/images/themes/theme1/bg.png', 'profile_background_image_url_https': 'https://abs.twimg.com/images/themes/theme1/bg.png', 'profile_background_tile': False, 'profile_image_url': 'http://pbs.twimg.com/profile_images/2374060145/yl0763rlf7lux7odjwxt_normal.jpeg', 'profile_image_url_https': 'https://pbs.twimg.com/profile_images/2374060145/yl0763rlf7lux7odjwxt_normal.jpeg', 'profile_banner_url': 'https://pbs.twimg.com/profile_banners/66384753/1401474914', 'profile_link_color': 'B34215', 'profile_sidebar_border_color': 'C0DEED', 'profile_sidebar_fill_color': 'DDEEF6', 'profile_text_color': '333333', 'profile_use_background_image': True, 'has_extended_profile': False, 'default_profile': False, 'default_profile_image': False, 'following': False, 'follow_request_sent': False, 'notifications': False, 'translator_type': 'none'}",https://twitter.com/PHIdotorg/status/985851576949624832,['Health_Affairs'],"['SDoH', 'PopHealth']",PHIdotorg,7526
,,2018-04-13 13:01:39,"[0, 155]","{'hashtags': [], 'symbols': [], 'user_mentions': [], 'urls': [{'url': 'https://t.co/XNGfNTACqb', 'expanded_url': 'https://www.healthaffairs.org/doi/full/10.1377/hlthaff.2017.1099#.WtCqMfHmqpc.twitter', 'display_url': 'healthaffairs.org/doi/full/10.13‚Ä¶', 'indices': [132, 155]}]}",0,False,Innovative Population Health Model Associated With Reduced Emergency Department Use And Inpatient Hospitalizations | Health Affairs https://t.co/XNGfNTACqb,,984778643313393665,984778643313393665,,,,,,False,en,,False,0,False,"<a href=""http://twitter.com"" rel=""nofollow"">Twitter Web Client</a>",False,"{'id': 18161787, 'id_str': '18161787', 'name': 'mike magee', 'screen_name': 'drmikemagee', 'location': 'Hartford, CT', 'description': 'Medical Historian and Journalist', 'url': 'https://t.co/AbHaCBskG1', 'entities': {'url': {'urls': [{'url': 'https://t.co/AbHaCBskG1', 'expanded_url': 'http://www.codeblue.online', 'display_url': 'codeblue.online', 'indices': [0, 23]}]}, 'description': {'urls': []}}, 'protected': False, 'followers_count': 775, 'friends_count': 4219, 'listed_count': 38, 'created_at': 'Tue Dec 16 13:20:38 +0000 2008', 'favourites_count': 309, 'utc_offset': None, 'time_zone': None, 'geo_enabled': False, 'verified': False, 'statuses_count': 31555, 'lang': None, 'contributors_enabled': False, 'is_translator': False, 'is_translation_enabled': False, 'profile_background_color': 'FFFFFF', 'profile_background_image_url': 'http://abs.twimg.com/images/themes/theme6/bg.gif', 'profile_background_image_url_https': 'https://abs.twimg.com/images/themes/theme6/bg.gif', 'profile_background_tile': False, 'profile_image_url': 'http://pbs.twimg.com/profile_images/1084819897031499776/YVAfkJ9q_normal.jpg', 'profile_image_url_https': 'https://pbs.twimg.com/profile_images/1084819897031499776/YVAfkJ9q_normal.jpg', 'profile_banner_url': 'https://pbs.twimg.com/profile_banners/18161787/1556456971', 'profile_link_color': '6699CC', 'profile_sidebar_border_color': 'FFFFFF', 'profile_sidebar_fill_color': 'F0F0F0', 'profile_text_color': '333333', 'profile_use_background_image': True, 'has_extended_profile': False, 'default_profile': False, 'default_profile_image': False, 'following': False, 'follow_request_sent': False, 'notifications': False, 'translator_type': 'none'}",https://twitter.com/drmikemagee/status/984778643313393665,[],[],drmikemagee,775
,,2018-04-12 04:23:42,"[0, 179]","{'hashtags': [{'text': 'sdoh', 'indices': [156, 161]}, {'text': 'PopulationHealth', 'indices': [162, 179]}], 'symbols': [], 'user_mentions': [], 'urls': [{'url': 'https://t.co/KWl1jIcx6T', 'expanded_url': 'https://www.healthaffairs.org/doi/abs/10.1377/hlthaff.2017.1099#.Ws7fPKW-hUY.twitter', 'display_url': 'healthaffairs.org/doi/abs/10.137‚Ä¶', 'indices': [132, 155]}]}",0,False,Innovative Population Health Model Associated With Reduced Emergency Department Use And Inpatient Hospitalizations | Health Affairs https://t.co/KWl1jIcx6T #sdoh #PopulationHealth,,984285908852789248,984285908852789248,,,,,,False,en,,False,0,False,"<a href=""http://twitter.com"" rel=""nofollow"">Twitter Web Client</a>",False,"{'id': 44161667, 'id_str': '44161667', 'name': 'Andrew Gallan', 'screen_name': 'agallan', 'location': 'Boca Raton, FL', 'description': 'FAU professor, health services researcher and teacher, husband and father, golfer, wine collector and traveler. My views are my own. @DIActionInc', 'url': 'https://t.co/AUJEgqVPMI', 'entities': {'url': {'urls': [{'url': 'https://t.co/AUJEgqVPMI', 'expanded_url': 'http://dignityinactioninc.com', 'display_url': 'dignityinactioninc.com', 'indices': [0, 23]}]}, 'description': {'urls': []}}, 'protected': False, 'followers_count': 1426, 'friends_count': 2521, 'listed_count': 83, 'created_at': 'Tue Jun 02 17:26:01 +0000 2009', 'favourites_count': 8513, 'utc_offset': None, 'time_zone': None, 'geo_enabled': True, 'verified': False, 'statuses_count': 13891, 'lang': None, 'contributors_enabled': False, 'is_translator': False, 'is_translation_enabled': False, 'profile_background_color': 'C0DEED', 'profile_background_image_url': 'http://abs.twimg.com/images/themes/theme1/bg.png', 'profile_background_image_url_https': 'https://abs.twimg.com/images/themes/theme1/bg.png', 'profile_background_tile': False, 'profile_image_url': 'http://pbs.twimg.com/profile_images/699375348476203014/DjjHh7qL_normal.jpg', 'profile_image_url_https': 'https://pbs.twimg.com/profile_images/699375348476203014/DjjHh7qL_normal.jpg', 'profile_banner_url': 'https://pbs.twimg.com/profile_banners/44161667/1547502377', 'profile_link_color': '1DA1F2', 'profile_sidebar_border_color': 'C0DEED', 'profile_sidebar_fill_color': 'DDEEF6', 'profile_text_color': '333333', 'profile_use_background_image': True, 'has_extended_profile': False, 'default_profile': True, 'default_profile_image': False, 'following': False, 'follow_request_sent': False, 'notifications': False, 'translator_type': 'none'}",https://twitter.com/agallan/status/984285908852789248,[],"['PopulationHealth', 'sdoh']",agallan,1426
,,2018-04-11 11:12:50,"[0, 155]","{'hashtags': [], 'symbols': [], 'user_mentions': [], 'urls': [{'url': 'https://t.co/A1eCxjHpBM', 'expanded_url': 'https://www.healthaffairs.org/doi/abs/10.1377/hlthaff.2017.1099?journalCode=hlthaff#.Ws3trDsjT_g.twitter', 'display_url': 'healthaffairs.org/doi/abs/10.137‚Ä¶', 'indices': [132, 155]}]}",0,False,Innovative Population Health Model Associated With Reduced Emergency Department Use And Inpatient Hospitalizations | Health Affairs https://t.co/A1eCxjHpBM,,984026484019990528,984026484019990528,,,,,,False,en,,False,0,False,"<a href=""http://twitter.com"" rel=""nofollow"">Twitter Web Client</a>",False,"{'id': 49308784, 'id_str': '49308784', 'name': 'Zachariah Hennessey', 'screen_name': 'zhennessey', 'location': 'New York City', 'description': 'Vice President, Neighborhood Health at Public Health Solutions\nfollow us @wearephsny\n(opinions are my own)', 'url': 'https://t.co/Cj557AMUjR', 'entities': {'url': {'urls': [{'url': 'https://t.co/Cj557AMUjR', 'expanded_url': 'http://www.healthsolutions.org', 'display_url': 'healthsolutions.org', 'indices': [0, 23]}]}, 'description': {'urls': []}}, 'protected': False, 'followers_count': 549, 'friends_count': 867, 'listed_count': 14, 'created_at': 'Sun Jun 21 12:59:21 +0000 2009', 'favourites_count': 857, 'utc_offset': None, 'time_zone': None, 'geo_enabled': True, 'verified': False, 'statuses_count': 1640, 'lang': None, 'contributors_enabled': False, 'is_translator': False, 'is_translation_enabled': False, 'profile_background_color': '022330', 'profile_background_image_url': 'http://abs.twimg.com/images/themes/theme15/bg.png', 'profile_background_image_url_https': 'https://abs.twimg.com/images/themes/theme15/bg.png', 'profile_background_tile': False, 'profile_image_url': 'http://pbs.twimg.com/profile_images/791814800917553152/AaWV79yh_normal.jpg', 'profile_image_url_https': 'https://pbs.twimg.com/profile_images/791814800917553152/AaWV79yh_normal.jpg', 'profile_banner_url': 'https://pbs.twimg.com/profile_banners/49308784/1447875427', 'profile_link_color': '0084B4', 'profile_sidebar_border_color': 'A8C7F7', 'profile_sidebar_fill_color': 'C0DFEC', 'profile_text_color': '333333', 'profile_use_background_image': True, 'has_extended_profile': True, 'default_profile': False, 'default_profile_image': False, 'following': False, 'follow_request_sent': False, 'notifications': False, 'translator_type': 'none'}",https://twitter.com/zhennessey/status/984026484019990528,[],[],zhennessey,549
,,2018-04-08 15:42:50,"[0, 279]","{'hashtags': [], 'symbols': [], 'user_mentions': [{'screen_name': 'EmergencyDocs', 'name': 'ACEP', 'id': 19788027, 'id_str': '19788027', 'indices': [251, 265]}, {'screen_name': 'DrJessePines', 'name': 'Jesse M. Pines, M.D.', 'id': 336007282, 'id_str': '336007282', 'indices': [266, 279]}], 'urls': [{'url': 'https://t.co/W3518wlzoe', 'expanded_url': 'https://www.healthaffairs.org/doi/abs/10.1377/hlthaff.2017.1099#.Wso4RZu2ESo.twitter', 'display_url': 'healthaffairs.org/doi/abs/10.137‚Ä¶', 'indices': [227, 250]}]}",17,False,"Great example of how to reduce unnecessary hospital visits WITHOUT demonizing the emerg dept (or the patient).

Innovative Population Health Model Associated With Reduced Emergency Department Use And Inpatient Hospitalizations https://t.co/W3518wlzoe @EmergencyDocs @DrJessePines",,983007268059910145,983007268059910145,,,,,,False,en,,False,4,False,"<a href=""http://twitter.com"" rel=""nofollow"">Twitter Web Client</a>",False,"{'id': 233788247, 'id_str': '233788247', 'name': 'Megan Ranney MD MPH', 'screen_name': 'meganranney', 'location': '', 'description': 'Emergency doc @BrownEMresüî∏Director @BrownEDHIüî∏Board @SAEMonlineüî∏Ô∏èFounder\n#StandAFFIRM https://t.co/suWBtCHiGE (#GunViolence = #publichealth!) #ThisIsOurLane', 'url': 'https://t.co/fFwQ8vdGWj', 'entities': {'url': {'urls': [{'url': 'https://t.co/fFwQ8vdGWj', 'expanded_url': 'http://www.linkedin.com/pub/megan-ranney/4/126/225', 'display_url': 'linkedin.com/pub/megan-rann‚Ä¶', 'indices': [0, 23]}]}, 'description': {'urls': [{'url': 'https://t.co/suWBtCHiGE', 'expanded_url': 'http://affirmresearch.org', 'display_url': 'affirmresearch.org', 'indices': [86, 109]}]}}, 'protected': False, 'followers_count': 15126, 'friends_count': 2521, 'listed_count': 585, 'created_at': 'Tue Jan 04 03:19:07 +0000 2011', 'favourites_count': 42206, 'utc_offset': None, 'time_zone': None, 'geo_enabled': True, 'verified': False, 'statuses_count': 39124, 'lang': None, 'contributors_enabled': False, 'is_translator': False, 'is_translation_enabled': False, 'profile_background_color': '000000', 'profile_background_image_url': 'http://abs.twimg.com/images/themes/theme17/bg.gif', 'profile_background_image_url_https': 'https://abs.twimg.com/images/themes/theme17/bg.gif', 'profile_background_tile': False, 'profile_image_url': 'http://pbs.twimg.com/profile_images/1878392172/profile_photo2_normal.jpg', 'profile_image_url_https': 'https://pbs.twimg.com/profile_images/1878392172/profile_photo2_normal.jpg', 'profile_banner_url': 'https://pbs.twimg.com/profile_banners/233788247/1518747848', 'profile_link_color': '1B95E0', 'profile_sidebar_border_color': '000000', 'profile_sidebar_fill_color': '000000', 'profile_text_color': '000000', 'profile_use_background_image': False, 'has_extended_profile': False, 'default_profile': False, 'default_profile_image': False, 'following': False, 'follow_request_sent': False, 'notifications': False, 'translator_type': 'none'}",https://twitter.com/meganranney/status/983007268059910145,"['EmergencyDocs', 'DrJessePines']",[],meganranney,15126
,,2018-04-03 20:14:40,"[0, 155]","{'hashtags': [], 'symbols': [], 'user_mentions': [], 'urls': [{'url': 'https://t.co/4MHMUjjGXL', 'expanded_url': 'https://www.healthaffairs.org/doi/pdf/10.1377/hlthaff.2017.1099#.WsPgroetShQ.twitter', 'display_url': 'healthaffairs.org/doi/pdf/10.137‚Ä¶', 'indices': [132, 155]}]}",0,False,Innovative Population Health Model Associated With Reduced Emergency Department Use And Inpatient Hospitalizations | Health Affairs https://t.co/4MHMUjjGXL,,981263737981194241,981263737981194241,,,,,,False,en,,False,0,False,"<a href=""http://twitter.com"" rel=""nofollow"">Twitter Web Client</a>",False,"{'id': 3106228662, 'id_str': '3106228662', 'name': 'Mamun', 'screen_name': 'nakamsavill', 'location': '', 'description': '', 'url': None, 'entities': {'description': {'urls': []}}, 'protected': False, 'followers_count': 7, 'friends_count': 40, 'listed_count': 2, 'created_at': 'Tue Mar 24 07:31:34 +0000 2015', 'favourites_count': 12, 'utc_offset': None, 'time_zone': None, 'geo_enabled': False, 'verified': False, 'statuses_count': 623, 'lang': None, 'contributors_enabled': False, 'is_translator': False, 'is_translation_enabled': False, 'profile_background_color': 'C0DEED', 'profile_background_image_url': 'http://abs.twimg.com/images/themes/theme1/bg.png', 'profile_background_image_url_https': 'https://abs.twimg.com/images/themes/theme1/bg.png', 'profile_background_tile': False, 'profile_image_url': 'http://pbs.twimg.com/profile_images/678075379400085504/GDiZWnLe_normal.jpg', 'profile_image_url_https': 'https://pbs.twimg.com/profile_images/678075379400085504/GDiZWnLe_normal.jpg', 'profile_link_color': '1DA1F2', 'profile_sidebar_border_color': 'C0DEED', 'profile_sidebar_fill_color': 'DDEEF6', 'profile_text_color': '333333', 'profile_use_background_image': True, 'has_extended_profile': False, 'default_profile': True, 'default_profile_image': False, 'following': False, 'follow_request_sent': False, 'notifications': False, 'translator_type': 'none'}",https://twitter.com/nakamsavill/status/981263737981194241,[],[],nakamsavill,7
,,2018-04-02 21:43:25,"[0, 155]","{'hashtags': [], 'symbols': [], 'user_mentions': [], 'urls': [{'url': 'https://t.co/EJN0M2ANWE', 'expanded_url': 'https://www.healthaffairs.org/doi/abs/10.1377/hlthaff.2017.1099#.WsKj-zAw5Y8.twitter', 'display_url': 'healthaffairs.org/doi/abs/10.137‚Ä¶', 'indices': [132, 155]}]}",1,False,Innovative Population Health Model Associated With Reduced Emergency Department Use And Inpatient Hospitalizations | Health Affairs https://t.co/EJN0M2ANWE,,980923684515975169,980923684515975169,,,,,,False,en,,False,1,False,"<a href=""http://twitter.com"" rel=""nofollow"">Twitter Web Client</a>",False,"{'id': 1012472611, 'id_str': '1012472611', 'name': 'Jeremiah Schuur, MD', 'screen_name': 'JSchuurMD', 'location': 'Providence, RI', 'description': 'Professor & Chair of Emergency Medicine @BrownEMRes Health Policy Researcher, dad.   p.s. I tweet climate change bc it is the existential challenge', 'url': 'https://t.co/IkGOzeAWq7', 'entities': {'url': {'urls': [{'url': 'https://t.co/IkGOzeAWq7', 'expanded_url': 'https://vivo.brown.edu/display/jschuur#', 'display_url': 'vivo.brown.edu/display/jschuu‚Ä¶', 'indices': [0, 23]}]}, 'description': {'urls': []}}, 'protected': False, 'followers_count': 2094, 'friends_count': 675, 'listed_count': 65, 'created_at': 'Sat Dec 15 03:46:59 +0000 2012', 'favourites_count': 5891, 'utc_offset': None, 'time_zone': None, 'geo_enabled': True, 'verified': False, 'statuses_count': 6888, 'lang': None, 'contributors_enabled': False, 'is_translator': False, 'is_translation_enabled': False, 'profile_background_color': '0099B9', 'profile_background_image_url': 'http://abs.twimg.com/images/themes/theme4/bg.gif', 'profile_background_image_url_https': 'https://abs.twimg.com/images/themes/theme4/bg.gif', 'profile_background_tile': False, 'profile_image_url': 'http://pbs.twimg.com/profile_images/1086757658470895619/lJzAAHtT_normal.jpg', 'profile_image_url_https': 'https://pbs.twimg.com/profile_images/1086757658470895619/lJzAAHtT_normal.jpg', 'profile_banner_url': 'https://pbs.twimg.com/profile_banners/1012472611/1556572343', 'profile_link_color': '0099B9', 'profile_sidebar_border_color': 'FFFFFF', 'profile_sidebar_fill_color': '95E8EC', 'profile_text_color': '3C3940', 'profile_use_background_image': True, 'has_extended_profile': True, 'default_profile': False, 'default_profile_image': False, 'following': False, 'follow_request_sent': False, 'notifications': False, 'translator_type': 'none'}",https://twitter.com/JSchuurMD/status/980923684515975169,[],[],JSchuurMD,2094
