,id,permalink,username,text,date,retweets,favorites,hashtags,mentions,geo,keyword
0,1.12179E+18,https://twitter.com/USLacrosse/status/1121788163012419584,USLacrosse,"The FDA issues a warning on use of concussion devices. Most medical devices marketed to consumers that claim to assess, diagnose, or manage head injury, including concussion , have not been reviewed by the FDA for safety and efficacy | Read more: https:// uslax.in/2VoDXYH pic.twitter.com/ivgnDYo68U",4/26/2019 10:48,7,13,,,,fda%20concussion
1,1.12153E+18,https://twitter.com/CosmopolitanMed/status/1121534598071164928,CosmopolitanMed,"The Food and Drug Administration is urging people to steer clear of apps that claim to evaluate, diagnose or treat head injuries including concussions . #fda #healthapp #concussions https://www. healthline.com/health-news/fd a-warns-against-using-concussion-app …",4/25/2019 18:00,0,0,#fda #healthapp #concussions,,,fda%20concussion
2,1.12145E+18,https://twitter.com/NadrichCohen/status/1121447306346283008,NadrichCohen,"The #FDA is warning #consumers about unapproved #medical devices intended to treat, manage or diagnose head injuries. #health #news #warning #apps #concussion #safety #medicine #legal #law https://www. personalinjurylawcal.com/fda-issues-con cerns-over-unapproved-medical-devices-for-head-injuries/ …",4/25/2019 12:14,0,0,#FDA #consumers #medical #health #news #warning #apps #concussion #safety #medicine #legal #law,,,fda%20concussion
3,1.12144E+18,https://twitter.com/NJOSMI/status/1121444428357545986,NJOSMI,"At the end of 2018, the FDA approved a blood test to aid in the evaluation of concussions . This could mean better diagnosis in the future. #concussions #concussionresearch #clifton",4/25/2019 12:02,0,0,#concussions #concussionresearch #clifton,,,fda%20concussion
4,1.12121E+18,https://twitter.com/impacttest/status/1121214238003875840,impacttest,"""However, only a handful of devices and other tools are actually approved by the FDA to assess head injuries. This week, the agency warned consumers against using phone or tablet applications that claim to identify suspected concussions ."" http:// bit.ly/2Ujdvv2 #concussion #tbi",4/24/2019 20:48,1,2,#concussion #tbi,,,fda%20concussion
5,1.12001E+18,https://twitter.com/MedinMotion/status/1120009610138664960,MedinMotion,The FDA warns consumers not to use unapproved apps and devices to diagnose concussion : http:// ow.ly/carY30oqvAY Austin family medicine and gynecology: http:// medinmotion.com,4/21/2019 13:01,0,0,,,,fda%20concussion
6,1.12E+18,https://twitter.com/Amr_reviews/status/1120004027092209664,Amr_reviews,See why the FDA is warning against using any uncleared medical devices to diagnose concussions . #FDA #FDAregulations #concussions #healthcare http:// upo.st/p4uq7t pic.twitter.com/b14rDw4kT6,4/21/2019 12:39,0,0,#FDA #FDAregulations #concussions #healthcare,,,fda%20concussion
7,1.11972E+18,https://twitter.com/impacttest/status/1119723670388166656,impacttest,"[ @US_ FDA PSA] ""The FDA is issuing this communication to make the public and health care providers aware of the potential serious risks which may be associated with the use of unapproved or uncleared medical devices for the diagnosis, treatment or management of a #concussion ."" pic.twitter.com/fBl69MovLS",4/20/2019 18:05,0,1,#concussion,@US_,,fda%20concussion
8,1.1189E+18,https://twitter.com/GamifyScience/status/1118896256284352513,GamifyScience,"The FDA shouts out a warning on using a DIY #concussion test, with a new app a month over the past couple years, it's come down to this. Caveat emptor. ""Think you have a concussion ? The FDA says there's NOT an app for that."" https://www. popsci.com/fda-concussion -tests-warning … @NicoleWetsman",4/18/2019 11:17,0,0,#concussion,@NicoleWetsman,,fda%20concussion
9,1.11885E+18,https://twitter.com/PinkConcussions/status/1118846303507709953,PinkConcussions,"The FDA Recommends Only Using Cleared or Approved Medical Devices to Help Assess or Diagnose a Head Injury, Including Concussion : FDA Safety Communication https://www. fda.gov/MedicalDevices /Safety/AlertsandNotices/ucm635705.htm …",4/18/2019 7:58,1,5,,,,fda%20concussion
10,1.11866E+18,https://twitter.com/SEMDocs/status/1118661238186303489,SEMDocs,"""there are currently no devices to aid in assessing concussion that should be used by consumers on their own"" @US_ FDA https://www. fda.gov/NewsEvents/New sroom/PressAnnouncements/ucm635720 … #AMSSM19 #sportsmedicine",4/17/2019 19:43,0,0,#AMSSM19 #sportsmedicine,@US_,,fda%20concussion
11,1.11861E+18,https://twitter.com/MedscapePeds/status/1118611593854619650,MedscapePeds,FDA cracks down on bogus claims for DIY concussion assessment devices. http:// ms.spr.ly/6019TGR8l pic.twitter.com/JmZPPKtRz2,4/17/2019 16:26,1,3,,,,fda%20concussion
12,1.11858E+18,https://twitter.com/SteriExperts/status/1118582497082793990,SteriExperts,Summer sports are here. How NOT to access a concussion . #FDA https:// okt.to/2aqpzj pic.twitter.com/2x8wfmjVxA,4/17/2019 14:30,0,0,#FDA,,,fda%20concussion
13,1.11856E+18,https://twitter.com/johnlucas4/status/1118561619473203200,johnlucas4,Bout time #fda . There are no “devices” that diagnose #concussion at this point in time. Don’t let people tell you otherwise. https://www. fda.gov/NewsEvents/New sroom/PressAnnouncements/ucm635720.htm …,4/17/2019 13:07,1,3,#fda #concussion,,,fda%20concussion
14,1.11852E+18,https://twitter.com/BarnesLawLtdLLP/status/1118520241959657472,BarnesLawLtdLLP,FDA Warns About Consumer Devices That Claim to Diagnose #Concussion https:// buff.ly/2GmlYcP pic.twitter.com/uZZrGgUmYX,4/17/2019 10:23,0,0,#Concussion,,,fda%20concussion
15,1.11851E+18,https://twitter.com/AlphaFiber/status/1118514993123790850,AlphaFiber,FDA warns against using unapproved devices and apps for concussion assessment. https:// buff.ly/2DdX25h #tbi #concussion #concussions #SRC #cte #sportsmedicine #brainawareness #braininjury #brain #neuroscience #alphafiber #fda #device pic.twitter.com/oVBM6h5fjT,4/17/2019 10:02,0,0,#tbi #concussion #concussions #SRC #cte #sportsmedicine #brainawareness #braininjury #brain #neuroscience #alphafiber #fda #device,,,fda%20concussion
16,1.11825E+18,https://twitter.com/SidebySideClub/status/1118250487512543233,SidebySideClub,"""Even among the current FDA approved medical devices, there is no single, reliable standalone concussion diagnostic test,” said Russell Gore, M.D., director of the Complex Concussion Clinic at Shepherd Center in Atlanta. https:// twitter.com/ShepherdCenter /status/1118156647849963521 …",4/16/2019 16:31,0,1,,,,fda%20concussion
17,1.11823E+18,https://twitter.com/NicholasHallCo/status/1118232049423396870,NicholasHallCo,"#OTCNewDirections : The @US_ FDA #FDA has informed consumers that it is concerned that unapproved #medicaldevices for the assessment, diagnosis, or management of a head injury (including concussion ) are being marketed to individuals",4/16/2019 15:17,0,0,#OTCNewDirections #FDA #medicaldevices,@US_,,fda%20concussion
18,1.11821E+18,https://twitter.com/oxeiabio/status/1118209635310288897,oxeiabio,The FDA warns against using digital tools that claim to offer a quick diagnosis on concussion systems. The FDA has only approved a handful of tools that assess head injuries and they all require a medical professional’s input. @NicoleWetsman https:// bit.ly/2V56MJg,4/16/2019 13:48,0,0,,@NicoleWetsman,,fda%20concussion
19,1.11819E+18,https://twitter.com/PattiDudek/status/1118193876530073600,PattiDudek,Think you have a concussion ? The FDA says there's not an app for that. http:// ow.ly/Nopv30orTUd,4/16/2019 12:46,1,0,,,,fda%20concussion
20,1.11814E+18,https://twitter.com/US_FDA/status/1118136961972232193,US_FDA,"Traumatic brain injury (TBI), which includes concussion , can happen in a variety of situations. Check out this story for important info—including tips for proper diagnosis. https:// go.usa.gov/xm4Rz pic.twitter.com/HdClU50qm5",4/16/2019 9:00,10,15,,,,fda%20concussion
21,1.1179E+18,https://twitter.com/seQureLS/status/1117902351191265281,seQureLS,@US_ FDA is constantly working on safety measures in healthcare. Last week it issued a warning on the unapproved devices for concussion assessment: https://www. raps.org/news-and-artic les/news-articles/2019/4/concussion-assessments-fda-warns-against-usin,4/15/2019 17:27,0,0,,@US_,,fda%20concussion
22,1.1178E+18,https://twitter.com/NadrichCohen/status/1117804903764844545,NadrichCohen,"The #FDA is warning #consumers about unapproved #medical devices intended to treat, manage or diagnose head injuries. #health #news #warning #apps #concussion #safety #medicine #legal #law https://www. personalinjurylawcal.com/fda-issues-con cerns-over-unapproved-medical-devices-for-head-injuries/ …",4/15/2019 11:00,0,0,#FDA #consumers #medical #health #news #warning #apps #concussion #safety #medicine #legal #law,,,fda%20concussion
23,1.1178E+18,https://twitter.com/wanner_matthew/status/1117801619788304385,wanner_matthew,"The FDA ""warned that any digital health apps or devices promising a do-it-yourself diagnosis could be dangerously inaccurate"". FDA Targets DIY mHealth Devices Aimed at Concussions , Head Injuries https:// shar.es/amQRwC",4/15/2019 10:47,0,0,,,,fda%20concussion
24,1.1178E+18,https://twitter.com/MichaelWahlster/status/1117795663859728384,MichaelWahlster,"These five companies are the only companies cleared or approved by the FDA . ImPACT Applications, Inc. is proud to be among them. #concussion #concussions #tbi Brain Injury Association of America #returntolearn #returntolife https:// lnkd.in/gpMpCua",4/15/2019 10:23,1,3,#concussion #concussions #tbi #returntolearn #returntolife,,,fda%20concussion
25,1.11779E+18,https://twitter.com/gracepowers/status/1117794706145124352,gracepowers,"The FDA Recommends Only Using Cleared or Approved Medical Devices to Help Assess or Diagnose a Head Injury, Including Concussion : FDA Safety Communication https:// buff.ly/2Xa2jmh",4/15/2019 10:20,0,0,,,,fda%20concussion
26,1.11779E+18,https://twitter.com/AthleticBiz/status/1117789421506416641,AthleticBiz,The FDA warned consumers against using phone or tablet apps to diagnose concussions : https://www. athleticbusiness.com/athlete-safety /fda-warns-about-using-apps-to-diagnose-concussions.html … #ABToday pic.twitter.com/FoVwet0zMy,4/15/2019 9:59,0,0,#ABToday,,,fda%20concussion
27,1.11778E+18,https://twitter.com/Sid_Healthcare/status/1117777601748140032,Sid_Healthcare,. @US_ FDA Targets #DIY #mHealth Devices Aimed at #Concussions - warns that any #digitalhealth #apps or devices promising a DIY diagnosis could be dangerously inaccurate; concussion diagnosis should always be made by a trained #healthcare provider https:// buff.ly/2KAvmh7,4/15/2019 9:12,2,0,#DIY #mHealth #Concussions #digitalhealth #apps #healthcare,@US_,,fda%20concussion
28,1.11776E+18,https://twitter.com/MMMnews/status/1117761251847831552,MMMnews,"News for #pharma #marketers : Mon, April 15 - @bmsnews shareholders approve @Celgene deal - @US_ FDA warns public not to use #apps to diagnose #concussions -How the @CDCgov could curb #antivaxxers on #socialmedia $ BMY $ JNJ $ CELG https:// bit.ly/2vbe4MZ pic.twitter.com/uLdMjNp29Y",4/15/2019 8:07,1,1,#pharma #marketers #apps #concussions #antivaxxers #socialmedia,@bmsnews @Celgene @US_ @CDCgov,,fda%20concussion
29,1.11773E+18,https://twitter.com/pharmatutor/status/1117726140431388672,pharmatutor,FDA warns public not to use unapproved or uncleared medical devices to help assess or diagnose a concussion http:// dlvr.it/R2r1pg,4/15/2019 5:47,0,0,,,,fda%20concussion
30,1.11756E+18,https://twitter.com/FriendsOfSciMed/status/1117555942101381120,FriendsOfSciMed,FDA warns public not to use unapproved or uncleared medical devices to help assess or diagnose a concussion https://www. fda.gov/NewsEvents/New sroom/PressAnnouncements/ucm635720.htm …,4/14/2019 18:31,0,0,,,,fda%20concussion
31,1.1175E+18,https://twitter.com/Viglya/status/1117495040136425473,Viglya,#FDA warns public not to use unapproved or uncleared #medicaldevices to help assess or diagnose a #concussion http:// bit.ly/2GbRBor #pvnewsusfda #viglya4growth,4/14/2019 14:29,0,0,#FDA #medicaldevices #concussion #pvnewsusfda #viglya4growth,,,fda%20concussion
32,1.11749E+18,https://twitter.com/metalhip_ncl/status/1117489455932350465,metalhip_ncl,Concussion Assessments: FDA Warns Against Using Unapproved Devices https:// scq.io/3f1ryHu,4/14/2019 14:07,0,0,,,,fda%20concussion
33,1.11747E+18,https://twitter.com/PopSci/status/1117472708000911361,PopSci,Think you have a concussion ? The FDA says there's not an app for that. http:// pops.ci/r7IGQu pic.twitter.com/bXPLraCt2E,4/14/2019 13:00,0,4,,,,fda%20concussion
34,1.11745E+18,https://twitter.com/JayCruicks_ATC/status/1117449020912414720,JayCruicks_ATC,FDA warns public not to use unapproved or uncleared medical devices to help assess or diagnose a concussion https://www. fda.gov/NewsEvents/New sroom/PressAnnouncements/ucm635720.htm …,4/14/2019 11:26,1,1,,,,fda%20concussion
35,1.11741E+18,https://twitter.com/MazenSalama/status/1117410409244291072,MazenSalama,FDA Warns of Consumer Devices That Claim to Diagnose Concussion - http:// tinyurl.com/y4bst8p8,4/14/2019 8:52,0,0,,,,fda%20concussion
36,1.11739E+18,https://twitter.com/jposas/status/1117394693799718912,jposas,There are no direct to consumer apps or devices that diagnose or treat concussion per FDA warning. Concussion is a clinical diagnosis that should be diagnosed and managed by medical professionals https://www. fda.gov/NewsEvents/New sroom/PressAnnouncements/ucm635720.htm …,4/14/2019 7:50,0,0,,,,fda%20concussion
37,1.11732E+18,https://twitter.com/ManriqueValdor/status/1117324015113330689,ManriqueValdor,https:// twitter.com/PopSci/status/ 1117276441295622145 … (PopSci) Think you have a concussion ? The FDA says there's not an app for that. http:// pops.ci/JqdnSq pic.twitter.com/m2ujIkdI9U http:// bit.ly/2VL3wzZ,4/14/2019 3:09,0,0,,,,fda%20concussion
38,1.11732E+18,https://twitter.com/ManriqueValdor/status/1117323991566442496,ManriqueValdor,https:// twitter.com/PopSci/status/ 1117200913331105792 … (PopSci) Think you have a concussion ? The FDA says there's not an app for that. http:// pops.ci/qMKocN pic.twitter.com/9lPHaF0ifV http:// bit.ly/2Dgp7Jw,4/14/2019 3:09,0,0,,,,fda%20concussion
39,1.11732E+18,https://twitter.com/scispresso/status/1117322090124804096,scispresso,Think you have a concussion ? The FDA says there's not an app for that. http:// pops.ci/JqdnSq pic.twitter.com/DUkt7jKtQh,4/14/2019 3:01,0,0,,,,fda%20concussion
40,1.11732E+18,https://twitter.com/scispresso/status/1117322073829982208,scispresso,Think you have a concussion ? The FDA says there's not an app for that. http:// pops.ci/qMKocN pic.twitter.com/T0dRWjzRwa,4/14/2019 3:01,0,0,,,,fda%20concussion
41,1.11732E+18,https://twitter.com/AndySugs/status/1117321743822217217,AndySugs,RT:PopSci: Think you have a concussion ? The FDA says there's not an app for that. http:// pops.ci/JqdnSq pic.twitter.com/MyB5f0yl3P,4/14/2019 3:00,0,0,,,,fda%20concussion
42,1.11732E+18,https://twitter.com/AndySugs/status/1117321727904821249,AndySugs,RT:PopSci: Think you have a concussion ? The FDA says there's not an app for that. http:// pops.ci/qMKocN pic.twitter.com/nTa58D7v9Y,4/14/2019 3:00,0,0,,,,fda%20concussion
43,1.11728E+18,https://twitter.com/PopSci/status/1117276441295622145,PopSci,Think you have a concussion ? The FDA says there's not an app for that. http:// pops.ci/JqdnSq pic.twitter.com/HBruAjhJBq,4/14/2019 0:00,1,9,,,,fda%20concussion
44,1.11725E+18,https://twitter.com/inthepaint326k/status/1117254350315724800,inthepaint326k,The FDA became aware of unapproved medical devices being marketed to the public for concussion through routine monitoring of the medical device market. #concussion #脳震盪 https://www. medscape.com/viewarticle/91 1629 …,4/13/2019 22:32,0,0,#concussion #,,,fda%20concussion
45,1.1172E+18,https://twitter.com/PopSci/status/1117200913331105792,PopSci,Think you have a concussion ? The FDA says there's not an app for that. http:// pops.ci/qMKocN pic.twitter.com/KSzI4m1nYW,4/13/2019 19:00,1,5,,,,fda%20concussion
46,1.11719E+18,https://twitter.com/impacttest/status/1117186959544160257,impacttest,"[ @US_ FDA PSA] ""The FDA is issuing this communication to make the public and health care providers aware of the potential serious risks which may be associated with the use of unapproved or uncleared medical devices for the diagnosis, treatment or management of a #concussion ."" pic.twitter.com/DN9heXzUoL",4/13/2019 18:05,0,2,#concussion,@US_,,fda%20concussion
47,1.11717E+18,https://twitter.com/health4brain/status/1117170620020686851,health4brain,The FDA warns consumers not to use unapproved apps and devices to diagnose concussion ... https:// sharpbrains.com/blog/2019/04/1 2/the-fda-warns-consumers-not-to-use-unapproved-apps-and-devices-to-diagnose-concussion/ … pic.twitter.com/HFyy67xzbB,4/13/2019 17:00,0,0,,,,fda%20concussion
48,1.11716E+18,https://twitter.com/CMichelW/status/1117164263896952833,CMichelW,"#FDA Targets DIY #mHealth #Devices Aimed at Concussions , Head Injuries. In going after the makers of direct-to-consumer mHealth devices for concussion treatment, the FDA argues that digital health tools should complement the clinician, not replace him/her. https:// mhealthintelligence.com/news/fda-targe ts-diy-mhealth-devices-aimed-at-concussions-head-injuries …",4/13/2019 16:34,0,0,#FDA #mHealth #Devices,,,fda%20concussion
49,1.11712E+18,https://twitter.com/ASportsMetrics/status/1117123265250701312,ASportsMetrics,FDA warns public not to use unapproved or uncleared medical devices to help assess or diagnose a concussion https://www. fda.gov/NewsEvents/New sroom/PressAnnouncements/ucm635720.htm …,4/13/2019 13:51,0,0,,,,fda%20concussion
50,1.11709E+18,https://twitter.com/nuromri/status/1117090338471063552,nuromri,"The FDA has issued a warning regarding tools being marketed for assessing, diagnosing, or managing concussion that are not FDA-approved. ..notes that use of these tools, apps, and devices, may inaccurately negative result for concussion http:// practicalneurology.com/news/?id=54072 &center=38&utm_content=89381938&utm_medium=social&utm_source=twitter&hss_channel=tw-386755226 …",4/13/2019 11:41,0,0,,,,fda%20concussion
51,1.11708E+18,https://twitter.com/PracticalNeuro/status/1117082574646644736,PracticalNeuro,Practical Neurology - @US_ FDA Warns About Unapproved Devices for Diagnosing and Treating #Concussion #Neurology #TBI https:// hubs.ly/H0hrzcy0 pic.twitter.com/CgSEyg5mei,4/13/2019 11:10,2,2,#Concussion #Neurology #TBI,@US_,,fda%20concussion
52,1.11707E+18,https://twitter.com/mmmblake1/status/1117074125284102146,mmmblake1,"I heard an interview on the local ESPN affiliate yesterday with Dr Jake VanLandingham & Brett Favre about Prevasol. If approved by the FDA , this is a game changer. Treat concussion with squirt of medicine up nose? https://www. clickorlando.com/news/investiga tors/treat-a-concussion-with-a-squirt-of-medicine-up-the-nose-?utm_medium=social&utm_source=twitter&utm_campaign=amp_socialshare …",4/13/2019 10:36,0,1,,,,fda%20concussion
53,1.11706E+18,https://twitter.com/miramedglobal/status/1117064943264600066,miramedglobal,Press Announcements > FDA warns public not to use unapproved or uncleared medical devices to help assess or diagnose a concussion https:// zurl.co/YusX,4/13/2019 10:00,0,0,,,,fda%20concussion
54,1.11693E+18,https://twitter.com/probrainhealth/status/1116929034292801537,probrainhealth,The FDA warns consumers not to use unapproved apps and devices to diagnose concussion ... https:// sharpbrains.com/blog/2019/04/1 2/the-fda-warns-consumers-not-to-use-unapproved-apps-and-devices-to-diagnose-concussion/ … pic.twitter.com/fnqOUzcLR4,4/13/2019 1:00,0,0,,,,fda%20concussion
55,1.1169E+18,https://twitter.com/PsychologyTip/status/1116897320539389953,PsychologyTip,The FDA warns consumers not to use unapproved apps and devices to diagnose concussion https:// sharpbrains.com/blog/2019/04/1 2/the-fda-warns-consumers-not-to-use-unapproved-apps-and-devices-to-diagnose-concussion/ …,4/12/2019 22:54,0,0,,,,fda%20concussion
56,1.11685E+18,https://twitter.com/TimesofNewsHUB/status/1116848518415757318,TimesofNewsHUB,FDA Warns About Consumer Devices That Claim to Diagnose Concussion https:// india.timesofnews.com/health-care/fd a-warns-about-consumer-devices-that-claim-to-diagnose-concussion.html …,4/12/2019 19:40,0,0,,,,fda%20concussion
57,1.11685E+18,https://twitter.com/WAMSOnline/status/1116847861398949888,WAMSOnline,FDA Takes Action on Bogus Claims for DIY Concussion Devices https:// wb.md/2Z9lY7q,4/12/2019 19:37,0,0,,,,fda%20concussion
58,1.11684E+18,https://twitter.com/Medscape/status/1116844950224871424,Medscape,FDA cracks down on bogus claims for DIY #concussion assessment devices. http:// ms.spr.ly/6018TGR8Y pic.twitter.com/WYbzzwq0o0,4/12/2019 19:26,4,8,#concussion,,,fda%20concussion
59,1.11684E+18,https://twitter.com/ParabilitySHARE/status/1116841201469198336,ParabilitySHARE,FDA Warns About Consumer Devices That Claim to Diagnose Concussion http://www. medicinenet.com/script/main/ar t.asp?articlekey=220150 … pic.twitter.com/1XEMIG3fhY,4/12/2019 19:11,0,0,,,,fda%20concussion
60,1.1168E+18,https://twitter.com/easybodyfit/status/1116800708463009802,easybodyfit,FDA Warns About Consumer Devices That Claim to Diagnose Concussion #digestion http://www. medicinenet.com/script/main/ar t.asp?articlekey=220150 …,4/12/2019 16:30,0,0,#digestion,,,fda%20concussion
61,1.11679E+18,https://twitter.com/paproviders/status/1116792420547489792,paproviders,Think you have a concussion ? The FDA says there's not an app for that. http:// pops.ci/atO5Th via @PopSci,4/12/2019 15:57,0,0,,@PopSci,,fda%20concussion
62,1.11678E+18,https://twitter.com/mybetterbrain/status/1116778240918654976,mybetterbrain,The FDA warns consumers not to use unapproved apps and devices to diagnose concussion ... http://www. beinghealthyforlife.com/brain-health/t he-fda-warns-consumers-not-to-use-unapproved-apps-and-devices-to-diagnose-concussion/ … pic.twitter.com/V6NqQtNuYf,4/12/2019 15:00,0,0,,,,fda%20concussion
63,1.11678E+18,https://twitter.com/scottmace/status/1116777032644382720,scottmace,FDA Takes Action on Bogus Claims for DIY Concussion Devices https://www. medscape.com/viewarticle/91 1629?src=soc_tw_share … via @medscape,4/12/2019 14:56,0,0,,@medscape,,fda%20concussion
64,1.11677E+18,https://twitter.com/LarrySieb/status/1116773853777285120,LarrySieb,"#FDA has identified several #medicaldevice manufacturers marketing their tools to consumers for concussion diagnosis, treatment or management without the FDA approval or clearance. https://www. healthdatamanagement.com/news/fda-warns -about-unapproved-tools-for-diagnosing-head-injuries?utm_campaign=Analytics-Apr%2011%202019&utm_medium=email&utm_source=newsletter …",4/12/2019 14:43,0,0,#FDA #medicaldevice,,,fda%20concussion
65,1.11677E+18,https://twitter.com/vmart13/status/1116773192297865216,vmart13,Think you have a concussion ? The FDA says there's not an app for that. | Popular Science https://www. popsci.com/fda-concussion -tests-warning …,4/12/2019 14:40,0,0,,,,fda%20concussion
66,1.11676E+18,https://twitter.com/raiznerslania/status/1116761671199076352,raiznerslania,"#FDA Recommends Only Cleared or Approved #MedicalDevices to Help Assess, Diagnose a Head Injury, Including #Concussion : http:// atty.es/MxFb30op1GD pic.twitter.com/o9F4aKieox",4/12/2019 13:55,0,0,#FDA #MedicalDevices #Concussion,,,fda%20concussion
67,1.11675E+18,https://twitter.com/sidanews/status/1116747062278643712,sidanews,"Avoid Using Unapproved Devices To Diagnose Concussions , FDA Warns http:// dlvr.it/R2hjYg",4/12/2019 12:57,0,0,,,,fda%20concussion
68,1.11674E+18,https://twitter.com/drtinamaster/status/1116736112083574786,drtinamaster,Proud to work with ⁦ @oculogica ⁩ which is a novel device that has achieved FDA-clearance for concusison Press Announcements > FDA warns public not to use unapproved or uncleared medical devices to help assess or diagnose a concussion https://www. fda.gov/NewsEvents/New sroom/PressAnnouncements/ucm635720.htm …,4/12/2019 12:13,0,4,,@oculogica,,fda%20concussion
69,1.11674E+18,https://twitter.com/BrainSightsApp/status/1116735699951214592,BrainSightsApp,The FDA warns consumers not to use unapproved apps and devices to diagnose concussion - SharpBrains via BrainSights https:// sharpbrains.com/blog/2019/04/1 2/the-fda-warns-consumers-not-to-use-unapproved-apps-and-devices-to-diagnose-concussion/ …,4/12/2019 12:11,0,0,,,,fda%20concussion
70,1.11673E+18,https://twitter.com/AlvaroF/status/1116733271541473281,AlvaroF,The FDA warns consumers not to use unapproved apps and devices to diagnose concussion https:// sharpbrains.com/blog/2019/04/1 2/the-fda-warns-consumers-not-to-use-unapproved-apps-and-devices-to-diagnose-concussion/ … #fda #concussion,4/12/2019 12:02,0,0,#fda #concussion,,,fda%20concussion
71,1.11673E+18,https://twitter.com/Boss_Cog/status/1116733199013634050,Boss_Cog,The FDA warns consumers not to use unapproved apps and devices to diagnose concussion http:// bit.ly/2X8sZDU,4/12/2019 12:01,0,0,,,,fda%20concussion
72,1.11673E+18,https://twitter.com/EricLBourque/status/1116728653159849984,EricLBourque,"The FDA Recommends Only Using Cleared or Approved Medical Devices to Help Assess or Diagnose a Head Injury, Including Concussion : FDA Safety Communication https://www. fda.gov/MedicalDevices /Safety/AlertsandNotices/ucm635705.htm …",4/12/2019 11:43,0,2,,,,fda%20concussion
73,1.11672E+18,https://twitter.com/lindammcsherry/status/1116717262440927232,lindammcsherry,"Avoid Using Unapproved Devices To Diagnose Concussions , FDA Warns https://www. aboutlawsuits.com/fda-concussion -device-warning-155632/ …",4/12/2019 10:58,0,0,,,,fda%20concussion
74,1.11672E+18,https://twitter.com/AboutLawsuits/status/1116716020016844800,AboutLawsuits,"Avoid Using Unapproved Devices To Diagnose Concussions , FDA Warns https://www. aboutlawsuits.com/fda-concussion -device-warning-155632/ …",4/12/2019 10:53,0,0,,,,fda%20concussion
75,1.1167E+18,https://twitter.com/inthepaint326k/status/1116697889953046528,inthepaint326k,There are no devices or tools that can diagnose a concussion on their own. #concussion #脳震盪 Think you have a concussion ? The FDA says there's not an app for that. | Popular Science https://www. popsci.com/fda-concussion -tests-warning …,4/12/2019 9:41,0,0,#concussion #,,,fda%20concussion
76,1.11669E+18,https://twitter.com/GaryMonk/status/1116687414574161920,GaryMonk,"FDA Targets DIY mHealth Devices Aimed at Concussions , Head Injuries for crack down https:// buff.ly/2Iu83mM #digitalhealth #mhealth #healthtech pic.twitter.com/giULLTnk1h",4/12/2019 9:00,1,0,#digitalhealth #mhealth #healthtech,,,fda%20concussion
77,1.11666E+18,https://twitter.com/newsbaycomng/status/1116659109024161793,newsbaycomng,FDA Warns About Consumer Devices That Claim to Diagnose Concussion https:// newsbay.com.ng/fda-warns-abou t-consumer-devices-that-claim-to-diagnose-concussion/ …,4/12/2019 7:07,0,0,,,,fda%20concussion
78,1.11666E+18,https://twitter.com/baysuitinc/status/1116659104074878976,baysuitinc,FDA Warns About Consumer Devices That Claim to Diagnose Concussion https:// newsbay.com.ng/fda-warns-abou t-consumer-devices-that-claim-to-diagnose-concussion/ …,4/12/2019 7:07,0,0,,,,fda%20concussion
79,1.11666E+18,https://twitter.com/ConcernedMom9/status/1116657412906397697,ConcernedMom9,FDA warns of consumer devices that claim to diagnose concussion https:// medicalxpress.com/news/2019-04-f da-consumer-devices-concussion.html … via @medical_xpress,4/12/2019 7:00,0,0,,@medical_xpress,,fda%20concussion
80,1.11665E+18,https://twitter.com/neurodoctad/status/1116652362066726912,neurodoctad,Friendly reminder: The @US_ FDA says there's NO reliable app for concussion diagnosis. http:// pops.ci/79qnF5,4/12/2019 6:40,23,27,,@US_,,fda%20concussion
81,1.11661E+18,https://twitter.com/CSolis_Mencia/status/1116607096772911105,CSolis_Mencia,FDA warns public not to use unapproved or uncleared medical devices to help assess or diagnose a concussion https://www. fda.gov/NewsEvents/New sroom/PressAnnouncements/ucm635720.htm …,4/12/2019 3:40,0,0,,,,fda%20concussion
82,1.1166E+18,https://twitter.com/scispresso/status/1116596880312373248,scispresso,Think you have a concussion ? The FDA says there's not an app for that. http:// pops.ci/concussionapp pic.twitter.com/FYhRdl1R0W,4/12/2019 3:00,0,0,,,,fda%20concussion
83,1.11652E+18,https://twitter.com/drjillbrooks/status/1116524151911735298,drjillbrooks,FDA Takes Action on Bogus Claims for DIY Concussion Devices https://www. medscape.com/viewarticle/91 1629 …,4/11/2019 22:11,0,0,,,,fda%20concussion
84,1.11652E+18,https://twitter.com/simsron/status/1116517041341468673,simsron,"The FDA Recommends Only Using Cleared or Approved Medical Devices to Help Assess or Diagnose a Head Injury, Including Concussion : FDA Safety Communication https://www. fda.gov/MedicalDevices /Safety/AlertsandNotices/ucm635705.htm …",4/11/2019 21:43,0,1,,,,fda%20concussion
85,1.1165E+18,https://twitter.com/MAConcussions/status/1116501012733415425,MAConcussions,"FDA Targets DIY mHealth Devices Aimed at Concussions , Head Injuries https:// mhealthintelligence.com/news/fda-targe ts-diy-mhealth-devices-aimed-at-concussions-head-injuries …",4/11/2019 20:39,0,0,,,,fda%20concussion
86,1.1165E+18,https://twitter.com/stephaniekays/status/1116496012804280320,stephaniekays,The FDA warned consumers against using phone or tablet applications that claim to identify suspected concussions http:// pops.ci/tBnNjW FDA warns public not to use unapproved or uncleared medical devices to help assess or diagnose a concussion https://www. fda.gov/NewsEvents/New sroom/PressAnnouncements/ucm635720.htm …,4/11/2019 20:19,1,1,,,,fda%20concussion
87,1.11647E+18,https://twitter.com/eliz_teel/status/1116469216637538305,eliz_teel,"From FDA : ""there are currently no devices to aid in assessing concussion that should be used by consumers on their own."" Please, seek out a qualified clinician to help with #concussion management. It will greatly improve your safety and quality of life. https://www. fda.gov/NewsEvents/New sroom/PressAnnouncements/ucm635720.htm …",4/11/2019 18:32,0,1,#concussion,,,fda%20concussion
88,1.11647E+18,https://twitter.com/VegasSign/status/1116465751693627392,VegasSign,Think you have a concussion ? The FDA says there's not an app for that. pic.twitter.com/6c9ZLSbv4R,4/11/2019 18:19,0,0,,,,fda%20concussion
89,1.11646E+18,https://twitter.com/PopSci/status/1116464965609775104,PopSci,Think you have a concussion ? The FDA says there's not an app for that. http:// pops.ci/concussionapp pic.twitter.com/noVwOZb1kx,4/11/2019 18:16,0,4,,,,fda%20concussion
90,1.11646E+18,https://twitter.com/TehMafiaJoe/status/1116464725884329985,TehMafiaJoe,Think you have a concussion ? The FDA says there's not an app for that. https://www. popsci.com/fda-concussion -tests-warning?dom=rss-default&src=syn …,4/11/2019 18:15,0,0,,,,fda%20concussion
91,1.11646E+18,https://twitter.com/FrancoLisi/status/1116463947270328320,FrancoLisi,Think you have a concussion ? The FDA says there's not an app for that. http:// dlvr.it/R2dxK0,4/11/2019 18:12,0,0,,,,fda%20concussion
92,1.11646E+18,https://twitter.com/WAMSOnline/status/1116463823186214912,WAMSOnline,FDA warns public not to use unapproved or uncleared medical devices to help assess or diagnose a concussion http:// bit.ly/2UtEoRB,4/11/2019 18:11,0,0,,,,fda%20concussion
93,1.11646E+18,https://twitter.com/thedextazlab/status/1116463712263651333,thedextazlab,Think you have a concussion ? The FDA says there's not an app for that. https://www. popsci.com/fda-concussion -tests-warning?dom=rss-default&src=syn …,4/11/2019 18:11,0,0,,,,fda%20concussion
94,1.11646E+18,https://twitter.com/MedGizmo/status/1116461215579037697,MedGizmo,#FDA warns against unapproved #concussion diagnosis devices http:// bit.ly/2GbfnB0 #medtech #digitalmed #meddevice pic.twitter.com/A5EhtGBqJK,4/11/2019 18:01,0,0,#FDA #concussion #medtech #digitalmed #meddevice,,,fda%20concussion
95,1.11646E+18,https://twitter.com/AliRaja_MD/status/1116461186617356294,AliRaja_MD,@US_ FDA warns public not to use unapproved or uncleared medical devices to help assess or diagnose a #concussion http:// ow.ly/SU0530op0JE #HeadInjury #TBI #SmartphoneApps @MDLinx,4/11/2019 18:01,0,0,#concussion #HeadInjury #TBI #SmartphoneApps,@US_ @MDLinx,,fda%20concussion
96,1.11646E+18,https://twitter.com/The_Home_Press/status/1116461080748920833,The_Home_Press,FDA warns public not to use unapproved or uncleared medical devices to help assess or diagnose a concussion https://www. maconhomepress.com/articles/2425/ view.html …,4/11/2019 18:00,0,0,,,,fda%20concussion
97,1.11646E+18,https://twitter.com/mHealthIntel/status/1116461058632355845,mHealthIntel,"FDA Targets DIY #mHealth Devices Aimed at Concussions , Head Injuries http:// ow.ly/iRKC30ooH2W",4/11/2019 18:00,2,0,#mHealth,,,fda%20concussion
98,1.11646E+18,https://twitter.com/RosemarieSMoser/status/1116460212314169346,RosemarieSMoser,FDA warns public not to use unapproved or uncleared medical devices to help assess or diagnose a concussion https://www. fda.gov/NewsEvents/New sroom/PressAnnouncements/ucm635720.htm …,4/11/2019 17:57,2,7,,,,fda%20concussion
99,1.11645E+18,https://twitter.com/OptometryTimes/status/1116446072262537216,OptometryTimes,. @US_ FDA warns against against using unapproved/uncleared medical devices to asses or diagnose a concussion . #optometry https:// buff.ly/2GfqjyB,4/11/2019 17:01,0,0,#optometry,@US_,,fda%20concussion
100,1.11645E+18,https://twitter.com/ConcussionLF/status/1116446070039556113,ConcussionLF,"Important read: The @US_ FDA warned the public not to use non-FDA reviewed medical devices that claim to assess, diagnose, or manage #concussions and to instead seek medical attention. More info here: https://www. fda.gov/NewsEvents/New sroom/PressAnnouncements/ucm635720.htm … pic.twitter.com/K1eiTR2RHI",4/11/2019 17:01,4,4,#concussions,@US_,,fda%20concussion
101,1.11644E+18,https://twitter.com/FarmPD/status/1116443700408791050,FarmPD,"FDA Targets #DIY #mHealth Devices Aimed at Concussions , Head Injuries... https:// hubs.ly/H0hqq2D0",4/11/2019 16:51,2,0,#DIY #mHealth,,,fda%20concussion
102,1.11644E+18,https://twitter.com/ATaleOf2Halves/status/1116437635898257408,ATaleOf2Halves,#FDA warns public not to use unapproved or uncleared medical devices to help assess or diagnose a #concussion https://www. fda.gov/NewsEvents/New sroom/PressAnnouncements/ucm635720.htm …,4/11/2019 16:27,0,1,#FDA #concussion,,,fda%20concussion
103,1.11642E+18,https://twitter.com/IssuesOfSafety/status/1116419471420395520,IssuesOfSafety,Via The FDA Website: FDA warns public not to use unapproved or uncleared medical devices to help assess or diagnose a concussion https://www. fda.gov/NewsEvents/New sroom/PressAnnouncements/ucm635720.htm …,4/11/2019 15:15,0,0,,,,fda%20concussion
104,1.11641E+18,https://twitter.com/Intalere/status/1116408194803347456,Intalere,"#FDA Targets DIY #mHealth Devices Aimed at #Concussions , Head Injuries via @mHealthIntel http:// ow.ly/NoAf30ooIcS #digitalhealth",4/11/2019 14:30,2,0,#FDA #mHealth #Concussions #digitalhealth,@mHealthIntel,,fda%20concussion
105,1.11641E+18,https://twitter.com/Pedi_Team_CMC/status/1116408166764425216,Pedi_Team_CMC,If your child is injured - see us at the Concussion Clinic. Don't use an app. -> FDA warns public not to use unapproved or uncleared medical devices to help assess or diagnose a concussion https:// buff.ly/2GfqjyB #childhealth #concussion #Sportsmedicine #pediatrics #neurology,4/11/2019 14:30,1,2,#childhealth #concussion #Sportsmedicine #pediatrics #neurology,,,fda%20concussion
106,1.11641E+18,https://twitter.com/AAPNews/status/1116405574231523328,AAPNews,"Some concussion tests could give wrong results, @US_ FDA warns. http:// ow.ly/fdUb30ooUFp pic.twitter.com/AMyyRXtAbs",4/11/2019 14:20,2,4,,@US_,,fda%20concussion
107,1.1164E+18,https://twitter.com/frank_cruthers/status/1116395663867228161,frank_cruthers,"Luke, you have the Qcollar on, my daughter got a concussion playing lax & I'm trying to see if we can test it. It hasn't been FDA approved, could you give me some insight, your experience and how it might have helped you please. THK @frank_cruthers #gobceagleslax",4/11/2019 13:40,1,0,#gobceagleslax,@frank_cruthers,,fda%20concussion
108,1.1164E+18,https://twitter.com/JacksonTuckerPC/status/1116395005952835586,JacksonTuckerPC,"""I want to be clear, there are currently no devices to aid in assessing concussion that should be used by consumers on their own,"" FDA device center chief Jeff Shuren said in the release. https:// lnkd.in/eDhR4mK",4/11/2019 13:38,0,1,,,,fda%20concussion
109,1.11639E+18,https://twitter.com/MedTech_Awards/status/1116392060460789761,MedTech_Awards,FDA warns public not to use unapproved or uncleared medical devices to help assess or diagnose a concussion https://www. fda.gov/NewsEvents/New sroom/PressAnnouncements/ucm635720.htm …,4/11/2019 13:26,0,0,,,,fda%20concussion
110,1.11639E+18,https://twitter.com/RondaxePharma/status/1116391960225382400,RondaxePharma,FDA warns public not to use unapproved or uncleared medical devices to help assess or diagnose a concussion https:// hubs.ly/H0hpKgB0 by @US_ FDA,4/11/2019 13:25,0,0,,@US_,,fda%20concussion
111,1.11638E+18,https://twitter.com/EmtiroHealth/status/1116382405533810693,EmtiroHealth,FDA warns public not to use unapproved or uncleared medical devices to help assess or diagnose a concussion https:// buff.ly/2GfqjyB,4/11/2019 12:48,0,0,,,,fda%20concussion
112,1.11638E+18,https://twitter.com/JeffKutcherMD/status/1116381246358196224,JeffKutcherMD,"PLEASE READ! https:// bit.ly/2IonEnG In sum: "" FDA is concerned that products that do not have FDA clearance or approval are being marketed to...parents, athletic coaches, and health care providers for the assessment, diagnosis, or management of concussion ."" @SptsNeuroClinic",4/11/2019 12:43,14,11,,@SptsNeuroClinic,,fda%20concussion
113,1.11638E+18,https://twitter.com/ACMeinde/status/1116376956260503552,ACMeinde,"I'm all for stopping regulatory capture by big companies, but I wholeheartedly support this action by the FDA . A smart phone app is not going to do it, folks. Don't take the risk. FDA Takes Action on Bogus Claims for DIY Concussion Devices https://www. medscape.com/viewarticle/91 1629?src=soc_tw_share … via @medscape",4/11/2019 12:26,0,0,,@medscape,,fda%20concussion
114,1.11635E+18,https://twitter.com/Spanishcountry/status/1116351702368702464,Spanishcountry,FDA Takes Action on Bogus Claims for DIY Concussion Devices https://www. medscape.com/viewarticle/91 1629?src=soc_tw_share … via @medscape,4/11/2019 10:46,0,0,,@medscape,,fda%20concussion
115,1.11635E+18,https://twitter.com/MedTechDive/status/1116347117944090624,MedTechDive,"""I want to be clear, there are currently no devices to aid in assessing concussion that should be used by consumers on their own,"" FDA device center chief Jeff Shuren said in a warning to patients, athletic coaches and healthcare providers. https:// bit.ly/2uZz5dN",4/11/2019 10:27,1,0,,,,fda%20concussion
116,1.11635E+18,https://twitter.com/umnneurosurgery/status/1116345175746367490,umnneurosurgery,FDA warns public not to use unapproved or uncleared medical devices to help assess or diagnose a concussion | https://www. fda.gov/NewsEvents/New sroom/PressAnnouncements/ucm635720.htm …,4/11/2019 10:20,2,3,,,,fda%20concussion
117,1.11634E+18,https://twitter.com/theconcussiondr/status/1116339866743107589,theconcussiondr,FDA warning: ”there are currently no devices to aid in assessing #concussion that should be used by consumers on their own. Using such devices can result in an incorrect diagnosis...putting them at greater danger...” https://www. fda.gov/NewsEvents/New sroom/PressAnnouncements/ucm635720.htm …,4/11/2019 9:58,10,16,#concussion,,,fda%20concussion
118,1.11633E+18,https://twitter.com/Physns1stWatch/status/1116328545448419328,Physns1stWatch,"The @US_ FDA is warning consumers not to use unapproved devices, such as smartphone or tablet apps, to diagnose a possible #concussion themselves. If concussion is suspected, people should seek medical care.",4/11/2019 9:14,3,2,#concussion,@US_,,fda%20concussion
119,1.11633E+18,https://twitter.com/physorg_health/status/1116327639441190913,physorg_health,#FDA warns of consumer devices that claim to diagnose #concussion https:// medicalxpress.com/news/2019-04-f da-consumer-devices-concussion.html …,4/11/2019 9:10,0,0,#FDA #concussion,,,fda%20concussion
120,1.11633E+18,https://twitter.com/RAPSorg/status/1116326289361833984,RAPSorg,Concussion Assessments: @US_ FDA Warns Against Using Unapproved Devices | #Regulatory Focus https:// bit.ly/2VDNQ1A #FDA #MedDevice #concussions,4/11/2019 9:05,0,0,#Regulatory #FDA #MedDevice #concussions,@US_,,fda%20concussion
121,1.11633E+18,https://twitter.com/eyeonfda/status/1116325930253922304,eyeonfda,#FDA warns public not to use unapproved or uncleared medical devices to help assess or diagnose a concussion http:// ow.ly/nkzU30ooI6m,4/11/2019 9:03,0,0,#FDA,,,fda%20concussion
122,1.11633E+18,https://twitter.com/NoraVisionrehab/status/1116325000913596416,NoraVisionrehab,@NoraVisionrehab urges consumers to follow @US_ FDA warning not to use unapproved or uncleared medical devices to help assess or diagnose #concussion on their own. Visual problems often overlooked during initial #TBI treatment. Don't ignore any changes in,4/11/2019 8:59,0,1,#concussion #TBI,@NoraVisionrehab @US_,,fda%20concussion
123,1.11632E+18,https://twitter.com/JudsonTelemed/status/1116320255628808194,JudsonTelemed,"FDA Targets DIY mHealth Devices Aimed at Concussions , Head Injuries http:// dlvr.it/R2cCNW pic.twitter.com/GPNiBvjP4h",4/11/2019 8:41,1,0,,,,fda%20concussion
124,1.11632E+18,https://twitter.com/mHealthIntel/status/1116319722616836097,mHealthIntel,"FDA Targets DIY #mHealth Devices Aimed at Concussions , Head Injuries http:// ow.ly/6M2830ooH2m",4/11/2019 8:38,0,1,#mHealth,,,fda%20concussion
125,1.11632E+18,https://twitter.com/inthepaint326k/status/1116319571537842177,inthepaint326k,Not discussed in Japan tho. FDA warns public not to use unapproved or uncleared medical devices to help assess or diagnose a #concussion https://www. fda.gov/NewsEvents/New sroom/PressAnnouncements/ucm635720.htm …,4/11/2019 8:38,0,0,#concussion,,,fda%20concussion
126,1.11631E+18,https://twitter.com/Slabodkin/status/1116312748487512064,Slabodkin,#FDA warns about unapproved tools for diagnosing #headinjuries http:// bit.ly/2IcEF58 #concussion #mHealth #medicalapps #mobilehealth #mobilehealthcare #medtech #digitalhealth #healthtech #braininjury #headinjury #braininjuries,4/11/2019 8:11,2,2,#FDA #headinjuries #concussion #mHealth #medicalapps #mobilehealth #mobilehealthcare #medtech #digitalhealth #healthtech #braininjury #headinjury #braininjuries,,,fda%20concussion
127,1.11631E+18,https://twitter.com/medicalnewser/status/1116312527095386112,medicalnewser,FDA warns against using uncleared medical devices to assess or diagnose concussion ...,4/11/2019 8:10,0,0,,,,fda%20concussion
128,1.11631E+18,https://twitter.com/DrugwatchTerry/status/1116310685766516736,DrugwatchTerry,Can an #app diagnose a #concussion ? The #FDA is warning the public to avoid unapproved or uncleared #medicaldevices to help assess or diagnose a concussion . via @US_ FDA https:// buff.ly/2GfqjyB pic.twitter.com/qQaiorgRIn,4/11/2019 8:03,0,0,#app #concussion #FDA #medicaldevices,@US_,,fda%20concussion
129,1.11631E+18,https://twitter.com/angelopezh/status/1116308448050860034,angelopezh,FDA warns public not to use unapproved or uncleared medical devices to help assess or diagnose a concussion https://www. fda.gov/NewsEvents/New sroom/PressAnnouncements/ucm635720.htm …,4/11/2019 7:54,1,2,,,,fda%20concussion
130,1.11631E+18,https://twitter.com/OMENSOL/status/1116306084074074112,OMENSOL,US FDA warns public not to use unapproved/uncleared medical devices to help assess or diagnose a concussion https:// omensol.wordpress.com/2019/04/11/us- fda-warns-public-not-to-use-unapproved-uncleared-medical-devices-to-help-assess-or-diagnose-a-concussion/ …,4/11/2019 7:44,0,0,,,,fda%20concussion
131,1.11629E+18,https://twitter.com/JakeRPowell/status/1116290539249459200,JakeRPowell,"FDA warns public not to use unapproved or uncleared medical devices to help assess or diagnose a concussion . There are valuable tools such as the SCAT5 out there, but none replace a trained health care provider! #ATforAll https://www. fda.gov/NewsEvents/New sroom/PressAnnouncements/ucm635720.htm …",4/11/2019 6:42,11,30,#ATforAll,,,fda%20concussion
132,1.11623E+18,https://twitter.com/MedkitInfo/status/1116229579696427010,MedkitInfo,FDA warns against using uncleared medical devices to assess or diagnose concussion https:// medkit.info/?p=85004,4/11/2019 2:40,0,0,,,,fda%20concussion
133,1.11623E+18,https://twitter.com/randySbenedict/status/1116228214312132608,randySbenedict,FDA warns against using uncleared medical devices to assess or diagnose concussion http:// bit.ly/2KrteZa,4/11/2019 2:35,0,0,,,,fda%20concussion
134,1.11622E+18,https://twitter.com/ATP_CME/status/1116224650130935808,ATP_CME,"Top story: FDA Takes Action on Bogus Claims for DIY Concussion Devices https://www. medscape.com/viewarticle/91 1629?src=soc_tw_190411_mscpedt_news_neuro_concussion&faf=1 … , see more http:// tweetedtimes.com/v/3402?s=tnp",4/11/2019 2:21,0,0,,,,fda%20concussion
135,1.11621E+18,https://twitter.com/Anxiety_Bio/status/1116211535477497856,Anxiety_Bio,FDA warns public not to use unapproved or uncleared medical devices to help assess or diagnose a concussion : FDA is warning the public not to use medical devices marketed to consumers that claim to help assess diagnose or manage head injury including… http:// bioportfol.io/R2b35r,4/11/2019 1:29,1,0,,,,fda%20concussion
136,1.11618E+18,https://twitter.com/HeadAndBrain/status/1116181592576282624,HeadAndBrain,Via The FDA Website: FDA warns public not to use unapproved or uncleared medical devices to help assess or diagnose a concussion https://www. fda.gov/NewsEvents/New sroom/PressAnnouncements/ucm635720.htm …,4/10/2019 23:30,0,0,,,,fda%20concussion
137,1.11617E+18,https://twitter.com/DocCastro/status/1116166744421224448,DocCastro,FDA : Don't Use Unapproved Smartphone Apps to Diagnose Concussion http:// dlvr.it/R2Zjh6,4/10/2019 22:31,0,0,,,,fda%20concussion
138,1.11614E+18,https://twitter.com/drugnewsin/status/1116142836280377350,drugnewsin,FDA Warns of Consumer Devices That Claim to Diagnose Concussion - http://www. drugnews.in/2019/04/11/fda -warns-of-consumer-devices-that-claim-to-diagnose-concussion/ … pic.twitter.com/SgyoZphFiQ,4/10/2019 20:56,0,0,,,,fda%20concussion
139,1.11614E+18,https://twitter.com/MedscapeNeuro/status/1116135275648946176,MedscapeNeuro,FDA cracks down on bogus claims for DIY concussion assessment devices. http:// ms.spr.ly/6010TGR8j pic.twitter.com/PTtWesL74F,4/10/2019 20:26,0,0,,,,fda%20concussion
140,1.11613E+18,https://twitter.com/miznah_aldhwyan/status/1116130242861699072,miznah_aldhwyan,I don’t think that anyone needs a device to check for head concussion pic.twitter.com/8KMs66Ivod,4/10/2019 20:06,0,0,,,,fda%20concussion
141,1.11612E+18,https://twitter.com/NoraVisionrehab/status/1116118728930885633,NoraVisionrehab,"#FDA raised concern about devices and apps marketed to consumers that claim to help assess, diagnose, or manage a head injury, including #concussion and #raumaticbraininjury https://www. mddionline.com/beware-illegal ly-marketed-concussion-tech …",4/10/2019 19:20,0,1,#FDA #concussion #raumaticbraininjury,,,fda%20concussion
142,1.11611E+18,https://twitter.com/phoneweekuk/status/1116114899476852736,phoneweekuk,FDA warns public not to use unapproved or uncleared medical devices to help assess or diagnose a concussion https://www. phoneweek.co.uk/fda-warns-publ ic-not-to-use-unapproved-or-uncleared-medical-devices-to-help-assess-or-diagnose-a-concussion/ …,4/10/2019 19:05,0,0,,,,fda%20concussion
143,1.1161E+18,https://twitter.com/MrTopStep/status/1116103973096841216,MrTopStep,FDA warns public not to use unapproved or uncleared medical devices to help assess or diagnose a concussion - https:// mrtopstep.com/fda-warns-publ ic-not-to-use-unapproved-or-uncleared-medical-devices-to-help-assess-or-diagnose-a-concussion/ … pic.twitter.com/Kw3IVKd2oc,4/10/2019 18:21,0,0,,,,fda%20concussion
144,1.1161E+18,https://twitter.com/NewsMassCentral/status/1116103561576890368,NewsMassCentral,FDA warns public not to use unapproved or uncleared medical devices to help assess or diagnose a concussion https:// masscentral.com/fda-warns-publ ic-not-to-use-unapproved-or-uncleared-medical-devices-to-help-assess-or-diagnose-a-concussion/ … pic.twitter.com/bIDU5Aq3ll,4/10/2019 18:19,0,0,,,,fda%20concussion
145,1.1161E+18,https://twitter.com/Illibuck1/status/1116099514501337089,Illibuck1,AMEN! @US_ FDA warns public not to use unapproved or uncleared medical devices to help assess or diagnose a concussion https://www. fda.gov/NewsEvents/New sroom/PressAnnouncements/ucm635720.htm …,4/10/2019 18:03,1,5,,@US_,,fda%20concussion
146,1.1161E+18,https://twitter.com/FDACommissioner/status/1116098223112892418,FDACommissioner,"There are a limited number of medical devices that have been cleared or approved by FDA to aid in the diagnosis, treatment, or management of concussion and all of them require an evaluation by a health care professional. https:// go.usa.gov/xmYsB",4/10/2019 17:58,3,8,,,,fda%20concussion
147,1.1161E+18,https://twitter.com/FDACommissioner/status/1116098221091303424,FDACommissioner,"Today, FDA warned not to use medical devices marketed to consumers that claim to help assess, diagnose or manage head injury, including concussion . Such tools have not been reviewed by FDA for safety & efficacy & could result in incorrect diagnosis. https:// go.usa.gov/xmYsB pic.twitter.com/VdV7q3IKIR",4/10/2019 17:58,17,24,,,,fda%20concussion
148,1.11609E+18,https://twitter.com/malikfj/status/1116093967668588547,malikfj,#FDA warns public not to use #unapproved or uncleared medical devices to help assess or #diagnose a concussion . https://www. fda.gov/NewsEvents/New sroom/PressAnnouncements/ucm635720.htm … #MedicalDevice #Vigilance #Reporting,4/10/2019 17:41,1,1,#FDA #unapproved #diagnose #MedicalDevice #Vigilance #Reporting,,,fda%20concussion
149,1.11609E+18,https://twitter.com/ChungSports/status/1116090757079810051,ChungSports,"Beware unapproved and/or uncleared concussion tech says the FDA . Hopefully, they've been talking to the FTC about cracking down on too-good-to-be-true diagnosis and assessment tools across #medtech and #healthtech . https://www. fda.gov/NewsEvents/New sroom/PressAnnouncements/ucm635720.htm …",4/10/2019 17:29,1,2,#medtech #healthtech,,,fda%20concussion
150,1.11609E+18,https://twitter.com/Saccadous/status/1116088168434917376,Saccadous,"The FDA Recommends Only Using Cleared or Approved Medical Devices to Help Assess or Diagnose a Head Injury, Including Concussion : FDA Safety Communication https://www. fda.gov/MedicalDevices /Safety/AlertsandNotices/ucm635705.htm …",4/10/2019 17:18,0,0,,,,fda%20concussion
151,1.11608E+18,https://twitter.com/FDAMedWatch/status/1116078465114095616,FDAMedWatch,"FDA Recommends Only Using Cleared or Approved Medical Devices to Help Assess or Diagnose a Head Injury, Including Concussion http:// fda.gov/MedicalDevices /Safety/AlertsandNotices/ucm635705.htm …",4/10/2019 16:40,1,3,,,,fda%20concussion
152,1.11608E+18,https://twitter.com/NoraVisionrehab/status/1116077125612785664,NoraVisionrehab,"@US_ FDA issues safety communication warning the public not to use medical devices marketed to consumers that claim to help assess, diagnose or manage head injury, including #concussion , traumatic brain injury ( #TBI ) or mild TBI https://www. fda.gov/Ne",4/10/2019 16:34,0,0,#concussion #TBI,@US_,,fda%20concussion
153,1.11608E+18,https://twitter.com/DrNoelBlanco/status/1116076528033517569,DrNoelBlanco,FDA Takes Action on Bogus Claims for DIY Concussion Devices https://www. medscape.com/viewarticle/91 1629?src=soc_tw_share … via @medscape,4/10/2019 16:32,0,2,,@medscape,,fda%20concussion
154,1.11608E+18,https://twitter.com/bachyns/status/1116075760354304002,bachyns,"“Products being marketed for the assessment, diagnosis, or management of a head injury, including concussion , that have not been approved or cleared by the FDA are in violation of the law... The FDA has alerted companies to our concerns and asked them to remove such claims.”",4/10/2019 16:29,3,3,,,,fda%20concussion
155,1.11607E+18,https://twitter.com/bachyns/status/1116074925851279365,bachyns,"In a new safety communication today, the FDA is warning the public “not to use medical devices marketed to consumers that claim to help assess, diagnose or manage head injury, including concussion , traumatic brain injury (TBI) or mild TBI.” https://www. fda.gov/NewsEvents/New sroom/PressAnnouncements/ucm635720.htm …",4/10/2019 16:26,20,39,,,,fda%20concussion
156,1.11607E+18,https://twitter.com/danielspirn/status/1116073883499683841,danielspirn,""" FDA Takes Action on Bogus Claims for DIY Concussion Devices"" https://www. medscape.com/viewarticle/91 1629 … ; release from @US_ FDA : https://www. fda.gov/MedicalDevices /Safety/AlertsandNotices/ucm635705.htm …",4/10/2019 16:22,1,3,,@US_,,fda%20concussion
157,1.11607E+18,https://twitter.com/patrickstoneqa/status/1116073238772224000,patrickstoneqa,FDA warns public not to use unapproved or uncleared medical devices to help assess or diagnose a concussion https://www. fda.gov/NewsEvents/New sroom/PressAnnouncements/ucm635720.htm …,4/10/2019 16:19,1,1,,,,fda%20concussion
158,1.11607E+18,https://twitter.com/LoriKMadden/status/1116068757875478529,LoriKMadden,"FDA Recommends Only Using Cleared or Approved Medical Devices to Help Assess or Diagnose a Head Injury, Including Concussion : FDA Safety Communication https://www. fda.gov/MedicalDevices /Safety/AlertsandNotices/ucm635705.htm …",4/10/2019 16:01,0,0,,,,fda%20concussion
159,1.11607E+18,https://twitter.com/SherryNewsViews/status/1116067706585976832,SherryNewsViews,FDA Takes Action on Bogus Claims for DIY Concussion Devices https://www. medscape.com/viewarticle/91 1629?src=soc_tw_share … via @medscape,4/10/2019 15:57,0,0,,@medscape,,fda%20concussion
160,1.11607E+18,https://twitter.com/thack86/status/1116067609697329152,thack86,FDA Takes Action on Bogus Claims for DIY Concussion Devices https://www. medscape.com/viewarticle/91 1629?src=soc_tw_share … via @medscape,4/10/2019 15:57,0,0,,@medscape,,fda%20concussion
161,1.11607E+18,https://twitter.com/FDADeviceInfo/status/1116065756020727808,FDADeviceInfo,"The @US_ FDA is concerned that products that do not have #FDA clearance or approval are being marketed to individuals, including parents & caregivers, athletic coaches, & health care providers for the assessment, diagnosis, or management of a head injury, including concussion . pic.twitter.com/kMjaPE1u3K",4/10/2019 15:49,4,6,#FDA,@US_,,fda%20concussion
162,1.11606E+18,https://twitter.com/impacttest/status/1116064811052199936,impacttest,"[ @US_ FDA PSA] ""The FDA is issuing this communication to make the public and health care providers aware of the potential serious risks which may be associated with the use of unapproved or uncleared medical devices for the diagnosis, treatment or management of a #concussion ."" pic.twitter.com/QlgEMvc5Ex",4/10/2019 15:46,1,4,#concussion,@US_,,fda%20concussion
163,1.11606E+18,https://twitter.com/FDAcdrhIndustry/status/1116064701362970626,FDAcdrhIndustry,"diagnosis, or management of a head injury, including concussion . For more information, read the #FDA 's safety communication: https:// go.usa.gov/xmg3E pic.twitter.com/rxpclZdjdK",4/10/2019 15:45,0,0,#FDA,,,fda%20concussion
164,1.11606E+18,https://twitter.com/LizSzabo/status/1116062088743522309,LizSzabo,FDA Takes Action on Bogus Claims for DIY Concussion Devices https://www. medscape.com/viewarticle/91 1629?src=soc_tw_share … via @medscape,4/10/2019 15:35,2,1,,@medscape,,fda%20concussion
165,1.11606E+18,https://twitter.com/SafeMedicines/status/1116057050134589440,SafeMedicines,FDA warns public not to use unapproved or uncleared medical devices to help assess or diagnose a concussion https://www. fda.gov/NewsEvents/New sroom/PressAnnouncements/ucm635720.htm …,4/10/2019 15:15,0,0,,,,fda%20concussion
166,1.11606E+18,https://twitter.com/BrainSightsApp/status/1116056858257776652,BrainSightsApp,FDA Takes Action on Bogus Claims for DIY Concussion Devices - Medscape - Neurology via BrainSights http://www. medscape.com/viewarticle/91 1629?src=rss …,4/10/2019 15:14,0,0,,,,fda%20concussion
167,1.11605E+18,https://twitter.com/DrAlexConcorde/status/1116049704985481224,DrAlexConcorde,FDA Takes Action on Bogus Claims for DIY Concussion Devices http:// ow.ly/LtwE50pLZmO,4/10/2019 14:45,0,0,,,,fda%20concussion
168,1.11605E+18,https://twitter.com/chrishendel/status/1116049519832178688,chrishendel,FDA warns public not to use unapproved or uncleared #medicaldevices to help assess or diagnose a #concussion https://www. fda.gov/NewsEvents/New sroom/PressAnnouncements/ucm635720.htm … pic.twitter.com/Ua0yuvPC8F,4/10/2019 14:45,2,0,#medicaldevices #concussion,,,fda%20concussion
169,1.11604E+18,https://twitter.com/psfb/status/1116043179533402117,psfb,FDA warns public not to use unapproved or uncleared medical devices to help assess or diagnose a concussion https://www. fda.gov/NewsEvents/New sroom/PressAnnouncements/ucm635720.htm …,4/10/2019 14:20,0,5,,,,fda%20concussion
170,1.11604E+18,https://twitter.com/alicesbailey/status/1116036411529027584,alicesbailey,FDA warns public not to use unapproved or uncleared #medicaldevices to help assess or diagnose a #concussion . See a medical professional for evaluation of #headinjury . #medicaldevice #healthapps https://www. fda.gov/NewsEvents/New sroom/PressAnnouncements/ucm635720.htm …,4/10/2019 13:53,0,0,#medicaldevices #concussion #headinjury #medicaldevice #healthapps,,,fda%20concussion
171,1.11603E+18,https://twitter.com/prpnews/status/1116033988160831488,prpnews,http:// tinyurl.com/yxeovzga FDA warns public not to use unapproved or uncleared medical devices to help assess or diagnose a concussion,4/10/2019 13:43,0,0,,,,fda%20concussion
172,1.11603E+18,https://twitter.com/MichaelWahlster/status/1116030466522353665,MichaelWahlster,"[ FDA SAFETY WARNING] FDA Recommends Only Using Cleared or Approved Medical Devices to Help Assess or Diagnose a Head Injury, Including Concussion : FDA Safety Communication https://www. fda.gov/MedicalDevices /Safety/AlertsandNotices/ucm635705.htm …",4/10/2019 13:29,1,1,,,,fda%20concussion
173,1.11603E+18,https://twitter.com/randySbenedict/status/1116027193723904001,randySbenedict,FDA warns against unapproved concussion diagnosis devices http:// bit.ly/2uVDLRB,4/10/2019 13:16,0,0,,,,fda%20concussion
174,1.11603E+18,https://twitter.com/UNTOLDfndn/status/1116025318274424832,UNTOLDfndn,FDA warns public not to use unapproved or uncleared medical devices to help assess or diagnose a #concussion https://www. fda.gov/NewsEvents/New sroom/PressAnnouncements/ucm635720.htm …,4/10/2019 13:09,0,0,#concussion,,,fda%20concussion
175,1.11602E+18,https://twitter.com/ChrisNowinski1/status/1116024126890754048,ChrisNowinski1,Alert: FDA warns public not to use unapproved or uncleared medical devices to help assess or diagnose a #concussion https://www. fda.gov/NewsEvents/New sroom/PressAnnouncements/ucm635720.htm …,4/10/2019 13:04,7,17,#concussion,,,fda%20concussion
176,1.11602E+18,https://twitter.com/MedtechDavid/status/1116022854016020482,MedtechDavid,"Today's safety alert by @US_ FDA on unapproved concussion assessment devices is an example of the agency targeting mobile apps that don't fit within its enforcement discretion policy ( https:// bit.ly/2UMcZd0 ), although no warning/untitled letters posted https:// bit.ly/2Uc8VPb",4/10/2019 12:59,0,0,,@US_,,fda%20concussion
177,1.11602E+18,https://twitter.com/NeurologyToday/status/1116019007298076672,NeurologyToday,@US_ FDA warns public about unapproved devices for #concussion assessment. https:// bit.ly/2GejPQA,4/10/2019 12:44,1,3,#concussion,@US_,,fda%20concussion
178,1.11602E+18,https://twitter.com/KarinCAtrades/status/1116017364821090306,KarinCAtrades,#FDA warns public not to use unapproved or uncleared medical devices to help assess or diagnose a concussion https://www. fda.gov/NewsEvents/New sroom/PressAnnouncements/ucm635720.htm …,4/10/2019 12:37,0,0,#FDA,,,fda%20concussion
179,1.11602E+18,https://twitter.com/carlfranzen/status/1116017111489503233,carlfranzen,FDA warns public not to use unapproved or uncleared medical devices (eg smartphone apps) to help assess or diagnose a concussion https:// prn.to/2WXzyZH,4/10/2019 12:36,1,0,,,,fda%20concussion
180,1.11602E+18,https://twitter.com/husna12501383/status/1116016544033587200,husna12501383,@BBCWorld FDA warns public not to use unapproved or uncleared medical devices to help assess or diagnose a concussion https://www. fda.gov/NewsEvents/New sroom/PressAnnouncements/ucm635720.htm …,4/10/2019 12:34,0,0,,@BBCWorld,,fda%20concussion
181,1.11602E+18,https://twitter.com/gizemusta/status/1116015185892990976,gizemusta,FDA warns public not to use unapproved or uncleared medical devices to help assess or diagnose a concussion http:// bit.ly/2UtEoRB #pharmacovigilance,4/10/2019 12:28,0,0,#pharmacovigilance,,,fda%20concussion
182,1.11601E+18,https://twitter.com/CrweWorld/status/1116007982309896192,CrweWorld,FDA warns public not to use unapproved or uncleared medical devices to help assess or diagnose a concussion http:// crweworld.com/usa/trendingno w/regulatory/1050887/fda-warns-public-not-to-use-unapproved-or-uncleared-medical-devices-to-help-assess-or-diagnose-a-concussion …,4/10/2019 12:00,0,0,,,,fda%20concussion
183,1.11601E+18,https://twitter.com/FDA_Track/status/1116007488829231109,FDA_Track,FDA warns public not to use unapproved or uncleared medical devices to help assess or diagnose a #concussion https://www. fda.gov/NewsEvents/New sroom/PressAnnouncements/ucm635720.htm …,4/10/2019 11:58,0,0,#concussion,,,fda%20concussion
184,1.11601E+18,https://twitter.com/fdadaily/status/1116005736260284416,fdadaily,"FDA warns public not to use unapproved or uncleared medical devices to help assess or diagnose a concussion , , http:// fdadaily.com/2019/04/10/fda -warns-public-not-to-use-unapproved-or-uncleared-medical-devices-to-help-assess-or-diagnose-a-concussion/ …",4/10/2019 11:51,0,0,,,,fda%20concussion
186,1.12077E+18,https://twitter.com/ophthopedia/status/1120765670432489472,ophthopedia,Ophthopedia Update: FDA warns consumers against use of devices for assessing head injury http:// dlvr.it/R3Mkjp #ophthalmology #optometry #eye,4/23/2019 15:05,0,0,#ophthalmology #optometry #eye,,,"fda%20""head%20injury"""
187,1.12077E+18,https://twitter.com/PCONews/status/1120765531789897729,PCONews,FDA warns consumers against use of devices for assessing head injury https://www. healio.com/optometry/prim ary-care-optometry/news/online/%7b80df3bd0-3fc9-487c-bae7-ec089a93f6e6%7d/fda-warns-consumers-against-use-of-devices-for-assessing-head-injury?utm_medium=social&utm_source=twitter&utm_campaign=scheduledpost …,4/23/2019 15:05,0,0,,,,"fda%20""head%20injury"""
188,1.11974E+18,https://twitter.com/toledofoodbank/status/1119737597016911873,toledofoodbank,"According to the FDA , Traumatic Brain Injury, or TBI, is often caused by a bump, blow, jolt, or explosive blast to the head, or a penetrating head injury that disrupts the brain’s normal function. https://www. fda.gov/ForConsumers/C onsumerUpdates/ucm519116.htm … pic.twitter.com/ulD3JtqMCw",4/20/2019 19:00,0,0,,,,"fda%20""head%20injury"""
191,1.11819E+18,https://twitter.com/health_factors/status/1118185143376781312,health_factors,"The @US_FDA is warning the public not to use consumer medical devices that claim to assess, diagnose, or manage head injury . Make sure you consult the FDA 's list of approved devices before you buy or use any medical device. #medtech #ehealth #smarttherapy http:// ow.ly/Kvgl50qshge pic.twitter.com/rxeBbLc8sv",4/16/2019 12:11,1,0,#medtech #ehealth #smarttherapy,@US_FDA,,"fda%20""head%20injury"""
193,1.11685E+18,https://twitter.com/gphabuzz/status/1116847974477369344,gphabuzz,The FDA is reminding people not to try to diagnose a head injury unless they're using an FDA-approved device. ( https:// buff.ly/2Xa2jmh ) pic.twitter.com/2F3nBoAm1K,4/12/2019 19:38,0,0,,,,"fda%20""head%20injury"""
197,1.11645E+18,https://twitter.com/colmant_/status/1116454268779868163,colmant_,FDA Warns Against the Use of Unapproved Devices Marketed for Assessing Head Injury - MPR https://www. empr.com/home/news/safe ty-alerts-and-recalls/fda-warns-against-the-use-of-unapproved-devices-marketed-for-assessing-head-injury/ …,4/11/2019 17:33,0,0,,,,"fda%20""head%20injury"""
198,1.11641E+18,https://twitter.com/IPS_Mx/status/1116405764162064384,IPS_Mx,"""Using such devices can result in an incorrect diagnosis after a head injury that could lead a person with a serious injury to return to their normal activities instead of seeking critical medical care, putting them at greater danger” @US_FDA @FDAMedWatch https:// lnkd.in/gffPrEj",4/11/2019 14:20,0,0,,@US_FDA @FDAMedWatch,,"fda%20""head%20injury"""
199,1.11625E+18,https://twitter.com/medicaldialogs/status/1116254828982874112,medicaldialogs,#MedicalDevices #HeadInjury #diagnostics @FINDdx @srlcare @FDArecalls @US_FDA @FDADeviceInfo FDA warns against use of unapproved medical devices to diagnose head injury | Speciality Medical Dialogues pic.twitter.com/rfWhFc71NC,4/11/2019 4:21,0,0,#MedicalDevices #HeadInjury #diagnostics,@FINDdx @srlcare @FDArecalls @US_FDA @FDADeviceInfo,,"fda%20""head%20injury"""
201,1.11616E+18,https://twitter.com/RealUSAHerald/status/1116157495947530240,RealUSAHerald,FDA Warns Consumers against Using Unapproved Products to Diagnose Head Injury - https:// usaherald.com/fda-warns-cons umers-using-unapproved-products-diagnose-head-injury/ … pic.twitter.com/7sBomzT2jM,4/10/2019 21:54,0,0,,,,"fda%20""head%20injury"""
202,1.11614E+18,https://twitter.com/BioTodaySuppl/status/1116140450136481792,BioTodaySuppl,"FDA has not approved or cleared any devices that can assess or diagnose a head injury , ... without an evaluation by a health care provider 脳震盪やその他の外傷性脳損傷（TBI）などの脳損傷を医者を挟まず検査/診断しうる米国 FDA 承認装置は存在しない https://www. fda.gov/MedicalDevices /Safety/AlertsandNotices/ucm635705.htm …",4/10/2019 20:46,0,0,,,,"fda%20""head%20injury"""
209,1.11608E+18,https://twitter.com/bachyns/status/1116075484150935555,bachyns,"“Such tools — such as apps on a smartphone... have not been reviewed by the FDA for safety and efficacy & could result in an incorrect diagnosis, potentially leading to a person with a serious head injury returning to their normal activities instead of getting medical care.”",4/10/2019 16:28,3,5,,,,"fda%20""head%20injury"""
212,1.11607E+18,https://twitter.com/QARACG/status/1116066446969380864,QARACG,"The US_ FDA is concerned that products that do not have #FDA clearance or approval are being marketed to individuals, including parents & caregivers, athletic coaches, & health care providers for the assessment, diagnosis, or management of a head injury , … pic.twitter.com/4Yqy7ajPSu",4/10/2019 15:52,0,0,#FDA,,,"fda%20""head%20injury"""
215,1.11604E+18,https://twitter.com/QARACG/status/1116043782573776900,QARACG,"The US_ FDA is concerned that products that do not have #FDA clearance or approval are being marketed to individuals, including parents & caregivers, athletic coaches, & health care providers for the assessment, diagnosis, or management of a head injury , … https://twitter.com/FDADeviceInfo/status/1116043627879440384/photo/1 pic.twitter.com/Xur48D0YMl",4/10/2019 14:22,0,0,#FDA,,,"fda%20""head%20injury"""
