contributors,coordinates,created_at,display_text_range,entities,favorite_count,favorited,full_text,geo,id,id_str,in_reply_to_screen_name,in_reply_to_status_id,in_reply_to_status_id_str,in_reply_to_user_id,in_reply_to_user_id_str,is_quote_status,lang,place,possibly_sensitive,quoted_status,quoted_status_id,quoted_status_id_str,quoted_status_permalink,retweet_count,retweeted,source,truncated,user,permalink,replying_users,num_replies
,,2019-04-17 19:57:42,"[0, 133]","{'hashtags': [{'text': 'CommunityParamedic', 'indices': [114, 133]}], 'symbols': [], 'user_mentions': [], 'urls': [{'url': 'https://t.co/OGmNh1kcKT', 'expanded_url': 'https://www.healthaffairs.org/do/10.1377/hblog20190129.181994/full/#.XLeFEHtUbi8.twitter', 'display_url': 'healthaffairs.org/do/10.1377/hbl‚Ä¶', 'indices': [89, 112]}]}",0,False,"Deploying Community Paramedics To Address Medication Complexity At Home | Health Affairs https://t.co/OGmNh1kcKT

#CommunityParamedic",,1118604467971198977,1118604467971198977,,,,,,False,en,,False,,,,,0,False,"<a href=""http://twitter.com/download/android"" rel=""nofollow"">Twitter for Android</a>",False,"{'id': 2168832589, 'id_str': '2168832589', 'name': 'Michael J. Chanat', 'screen_name': 'mikechanat', 'location': 'New York, USA', 'description': 'üá∫üá∏ Emergency Services veteran with mid-level managerial experience. Community Paramedic.', 'url': None, 'entities': {'description': {'urls': []}}, 'protected': False, 'followers_count': 511, 'friends_count': 480, 'listed_count': 4, 'created_at': 'Fri Nov 01 17:46:03 +0000 2013', 'favourites_count': 1755, 'utc_offset': None, 'time_zone': None, 'geo_enabled': False, 'verified': False, 'statuses_count': 2281, 'lang': 'en', 'contributors_enabled': False, 'is_translator': False, 'is_translation_enabled': False, 'profile_background_color': 'C0DEED', 'profile_background_image_url': 'http://abs.twimg.com/images/themes/theme1/bg.png', 'profile_background_image_url_https': 'https://abs.twimg.com/images/themes/theme1/bg.png', 'profile_background_tile': True, 'profile_image_url': 'http://pbs.twimg.com/profile_images/1008090002767482880/oJQ8TyN7_normal.jpg', 'profile_image_url_https': 'https://pbs.twimg.com/profile_images/1008090002767482880/oJQ8TyN7_normal.jpg', 'profile_banner_url': 'https://pbs.twimg.com/profile_banners/2168832589/1529368317', 'profile_link_color': '002ED8', 'profile_sidebar_border_color': 'FFFFFF', 'profile_sidebar_fill_color': 'DDEEF6', 'profile_text_color': '333333', 'profile_use_background_image': True, 'has_extended_profile': False, 'default_profile': False, 'default_profile_image': False, 'following': False, 'follow_request_sent': False, 'notifications': False, 'translator_type': 'none'}",https://twitter.com/mikechanat/status/1118604467971198977,[],0.0
,,2019-02-23 20:30:19,"[0, 214]","{'hashtags': [{'text': 'medadherence', 'indices': [122, 135]}, {'text': 'polypharmacy', 'indices': [140, 153]}], 'symbols': [], 'user_mentions': [], 'urls': [{'url': 'https://t.co/ZzNbK0q6Dl', 'expanded_url': 'http://ow.ly/C6j930nL1co', 'display_url': 'ow.ly/C6j930nL1co', 'indices': [191, 214]}]}",0,False,"One care management pilot project found that adding a ""community paramedic"" to the ambulatory care team can help identify #medadherence and #polypharmacy risks that other providers may miss. https://t.co/ZzNbK0q6Dl",,1099406117678051334,1099406117678051334,,,,,,False,en,,False,,,,,0,False,"<a href=""https://www.hootsuite.com"" rel=""nofollow"">Hootsuite Inc.</a>",False,"{'id': 405608099, 'id_str': '405608099', 'name': 'RxAnte', 'screen_name': 'RxAnte', 'location': 'Portland, ME', 'description': 'RxAnte is the leading platform for improving medication use and drug therapy outcomes through predictive analytics and targeted clinical programs.', 'url': 'http://t.co/YIgFdf70rz', 'entities': {'url': {'urls': [{'url': 'http://t.co/YIgFdf70rz', 'expanded_url': 'http://www.rxante.com', 'display_url': 'rxante.com', 'indices': [0, 22]}]}, 'description': {'urls': []}}, 'protected': False, 'followers_count': 990, 'friends_count': 1449, 'listed_count': 41, 'created_at': 'Sat Nov 05 15:06:02 +0000 2011', 'favourites_count': 40, 'utc_offset': None, 'time_zone': None, 'geo_enabled': True, 'verified': False, 'statuses_count': 1423, 'lang': 'en', 'contributors_enabled': False, 'is_translator': False, 'is_translation_enabled': False, 'profile_background_color': '005596', 'profile_background_image_url': 'http://abs.twimg.com/images/themes/theme2/bg.gif', 'profile_background_image_url_https': 'https://abs.twimg.com/images/themes/theme2/bg.gif', 'profile_background_tile': False, 'profile_image_url': 'http://pbs.twimg.com/profile_images/911328699647004672/Qpstbi6G_normal.jpg', 'profile_image_url_https': 'https://pbs.twimg.com/profile_images/911328699647004672/Qpstbi6G_normal.jpg', 'profile_banner_url': 'https://pbs.twimg.com/profile_banners/405608099/1507651557', 'profile_link_color': 'F15E22', 'profile_sidebar_border_color': '000000', 'profile_sidebar_fill_color': 'DAECF4', 'profile_text_color': '663B12', 'profile_use_background_image': False, 'has_extended_profile': False, 'default_profile': False, 'default_profile_image': False, 'following': False, 'follow_request_sent': False, 'notifications': False, 'translator_type': 'none'}",https://twitter.com/RxAnte/status/1099406117678051334,[],0.0
,,2019-02-13 13:40:34,"[0, 241]","{'hashtags': [], 'symbols': [], 'user_mentions': [], 'urls': [{'url': 'https://t.co/4xcpidZ6tH', 'expanded_url': 'http://ow.ly/vQne30nGyfJ', 'display_url': 'ow.ly/vQne30nGyfJ', 'indices': [218, 241]}]}",0,False,"""ThedaCare‚Äôs community paramedicine pilot program in eastern Wisconsin ... integrates community paramedics into the ambulatory care management team of nurses, primary care physicians, pharmacists, and social workers."" https://t.co/4xcpidZ6tH",,1095679124625068032,1095679124625068032,,,,,,False,en,,False,,,,,1,False,"<a href=""https://www.hootsuite.com"" rel=""nofollow"">Hootsuite Inc.</a>",False,"{'id': 2350508048, 'id_str': '2350508048', 'name': 'Aging Research & Edu', 'screen_name': 'CAREatUW', 'location': 'Madison, WI', 'description': ""The UW-Madison School of Nursing's Center for Aging Research and Education (CARE) builds the skills and capacity of those who care for older adults"", 'url': 'https://t.co/n2DPhBVNDE', 'entities': {'url': {'urls': [{'url': 'https://t.co/n2DPhBVNDE', 'expanded_url': 'https://care.nursing.wisc.edu/', 'display_url': 'care.nursing.wisc.edu', 'indices': [0, 23]}]}, 'description': {'urls': []}}, 'protected': False, 'followers_count': 559, 'friends_count': 317, 'listed_count': 40, 'created_at': 'Tue Feb 18 18:29:10 +0000 2014', 'favourites_count': 948, 'utc_offset': None, 'time_zone': None, 'geo_enabled': False, 'verified': False, 'statuses_count': 1589, 'lang': 'en', 'contributors_enabled': False, 'is_translator': False, 'is_translation_enabled': False, 'profile_background_color': 'E1E3DA', 'profile_background_image_url': 'http://abs.twimg.com/images/themes/theme14/bg.gif', 'profile_background_image_url_https': 'https://abs.twimg.com/images/themes/theme14/bg.gif', 'profile_background_tile': True, 'profile_image_url': 'http://pbs.twimg.com/profile_images/874309823793213442/zHYv7R-F_normal.jpg', 'profile_image_url_https': 'https://pbs.twimg.com/profile_images/874309823793213442/zHYv7R-F_normal.jpg', 'profile_banner_url': 'https://pbs.twimg.com/profile_banners/2350508048/1552315310', 'profile_link_color': '009999', 'profile_sidebar_border_color': 'FFFFFF', 'profile_sidebar_fill_color': 'DDEEF6', 'profile_text_color': '333333', 'profile_use_background_image': False, 'has_extended_profile': False, 'default_profile': False, 'default_profile_image': False, 'following': False, 'follow_request_sent': False, 'notifications': False, 'translator_type': 'none'}",https://twitter.com/CAREatUW/status/1095679124625068032,[],0.0
,,2019-02-09 11:12:00,"[0, 95]","{'hashtags': [], 'symbols': [], 'user_mentions': [], 'urls': [{'url': 'https://t.co/1lVTVWBC0x', 'expanded_url': 'https://buff.ly/2G7kSTl', 'display_url': 'buff.ly/2G7kSTl', 'indices': [72, 95]}]}",0,False,Deploying Community Paramedics To Address Medication Complexity At Home https://t.co/1lVTVWBC0x,,1094192183878533120,1094192183878533120,,,,,,False,en,,False,,,,,0,False,"<a href=""https://buffer.com"" rel=""nofollow"">Buffer</a>",False,"{'id': 795697793402802177, 'id_str': '795697793402802177', 'name': 'John Driscoll', 'screen_name': 'johnp_driscoll', 'location': 'Connecticut, USA', 'description': 'Chief Executive Officer @CareCentrix', 'url': 'https://t.co/XUrVmYcJ9f', 'entities': {'url': {'urls': [{'url': 'https://t.co/XUrVmYcJ9f', 'expanded_url': 'http://www.carecentrix.com', 'display_url': 'carecentrix.com', 'indices': [0, 23]}]}, 'description': {'urls': []}}, 'protected': False, 'followers_count': 295, 'friends_count': 691, 'listed_count': 9, 'created_at': 'Mon Nov 07 18:41:52 +0000 2016', 'favourites_count': 610, 'utc_offset': None, 'time_zone': None, 'geo_enabled': False, 'verified': False, 'statuses_count': 5422, 'lang': 'en', 'contributors_enabled': False, 'is_translator': False, 'is_translation_enabled': False, 'profile_background_color': 'F5F8FA', 'profile_background_image_url': None, 'profile_background_image_url_https': None, 'profile_background_tile': False, 'profile_image_url': 'http://pbs.twimg.com/profile_images/821771041827651589/xzIdLq8y_normal.jpg', 'profile_image_url_https': 'https://pbs.twimg.com/profile_images/821771041827651589/xzIdLq8y_normal.jpg', 'profile_banner_url': 'https://pbs.twimg.com/profile_banners/795697793402802177/1539106226', 'profile_link_color': '1DA1F2', 'profile_sidebar_border_color': 'C0DEED', 'profile_sidebar_fill_color': 'DDEEF6', 'profile_text_color': '333333', 'profile_use_background_image': True, 'has_extended_profile': True, 'default_profile': True, 'default_profile_image': False, 'following': False, 'follow_request_sent': False, 'notifications': False, 'translator_type': 'none'}",https://twitter.com/johnp_driscoll/status/1094192183878533120,[],0.0
,,2019-02-04 21:41:12,"[0, 240]","{'hashtags': [], 'symbols': [], 'user_mentions': [], 'urls': [{'url': 'https://t.co/gXVyzfsmfY', 'expanded_url': 'http://bit.ly/2TwTUb0', 'display_url': 'bit.ly/2TwTUb0', 'indices': [217, 240]}]}",5,False,"Unlike a traditional paramedic, whose goal is to quickly triage and process an emergency situation, a community paramedic builds a therapeutic rapport with patients to understand what is going on ‚Äúbelow the surface.‚Äù https://t.co/gXVyzfsmfY",,1092538587067736066,1092538587067736066,,,,,,False,en,,False,,,,,3,False,"<a href=""https://about.twitter.com/products/tweetdeck"" rel=""nofollow"">TweetDeck</a>",False,"{'id': 3073248655, 'id_str': '3073248655', 'name': 'Bj Bartleson', 'screen_name': 'BartlesonBj', 'location': 'Sacramento, CA', 'description': 'Vice President, Nursing & Clinical Services for @Calhospitals. RN, MS, NEA-BC', 'url': 'https://t.co/cDmw451wYY', 'entities': {'url': {'urls': [{'url': 'https://t.co/cDmw451wYY', 'expanded_url': 'https://www.calhospital.org', 'display_url': 'calhospital.org', 'indices': [0, 23]}]}, 'description': {'urls': []}}, 'protected': False, 'followers_count': 146, 'friends_count': 138, 'listed_count': 2, 'created_at': 'Wed Mar 11 14:14:27 +0000 2015', 'favourites_count': 0, 'utc_offset': None, 'time_zone': None, 'geo_enabled': True, 'verified': False, 'statuses_count': 135, 'lang': 'en', 'contributors_enabled': False, 'is_translator': False, 'is_translation_enabled': False, 'profile_background_color': 'C0DEED', 'profile_background_image_url': 'http://abs.twimg.com/images/themes/theme1/bg.png', 'profile_background_image_url_https': 'https://abs.twimg.com/images/themes/theme1/bg.png', 'profile_background_tile': False, 'profile_image_url': 'http://pbs.twimg.com/profile_images/575715506428116993/KYeFyHnZ_normal.jpeg', 'profile_image_url_https': 'https://pbs.twimg.com/profile_images/575715506428116993/KYeFyHnZ_normal.jpeg', 'profile_banner_url': 'https://pbs.twimg.com/profile_banners/3073248655/1503612433', 'profile_link_color': '1DA1F2', 'profile_sidebar_border_color': 'C0DEED', 'profile_sidebar_fill_color': 'DDEEF6', 'profile_text_color': '333333', 'profile_use_background_image': True, 'has_extended_profile': False, 'default_profile': True, 'default_profile_image': False, 'following': False, 'follow_request_sent': False, 'notifications': False, 'translator_type': 'none'}",https://twitter.com/BartlesonBj/status/1092538587067736066,"['@BartlesonBj', '@jonathonfeit']",2.0
,,2019-02-04 17:15:13,"[0, 275]","{'hashtags': [], 'symbols': [], 'user_mentions': [], 'urls': [{'url': 'https://t.co/VyCfqH1iib', 'expanded_url': 'http://ow.ly/MiWf50kxxB0', 'display_url': 'ow.ly/MiWf50kxxB0', 'indices': [252, 275]}]}",0,False,Many of our grantees use Community Health Workers in their efforts to reduce disparities in diabetes. A new pilot employs Community Paramedics to help patients interpret and develop medication schedules by developing  a therapeutic rapport w/patients. https://t.co/VyCfqH1iib,,1092471650824712192,1092471650824712192,,,,,,False,en,,False,,,,,0,False,"<a href=""https://www.hootsuite.com"" rel=""nofollow"">Hootsuite Inc.</a>",False,"{'id': 1004773796308553729, 'id_str': '1004773796308553729', 'name': 'Bridging the Gap in Diabetes Care', 'screen_name': 'diabetesgap', 'location': '', 'description': '8 sites transforming primary care with cross-sector partnerships to address medical and social needs of patients with diabetes, funded by Merck Foundation', 'url': None, 'entities': {'description': {'urls': []}}, 'protected': False, 'followers_count': 69, 'friends_count': 352, 'listed_count': 0, 'created_at': 'Thu Jun 07 17:15:15 +0000 2018', 'favourites_count': 121, 'utc_offset': None, 'time_zone': None, 'geo_enabled': False, 'verified': False, 'statuses_count': 311, 'lang': 'en', 'contributors_enabled': False, 'is_translator': False, 'is_translation_enabled': False, 'profile_background_color': '000000', 'profile_background_image_url': 'http://abs.twimg.com/images/themes/theme1/bg.png', 'profile_background_image_url_https': 'https://abs.twimg.com/images/themes/theme1/bg.png', 'profile_background_tile': False, 'profile_image_url': 'http://pbs.twimg.com/profile_images/1004777560474112000/7b8oWy9c_normal.jpg', 'profile_image_url_https': 'https://pbs.twimg.com/profile_images/1004777560474112000/7b8oWy9c_normal.jpg', 'profile_banner_url': 'https://pbs.twimg.com/profile_banners/1004773796308553729/1532546819', 'profile_link_color': '1B95E0', 'profile_sidebar_border_color': '000000', 'profile_sidebar_fill_color': '000000', 'profile_text_color': '000000', 'profile_use_background_image': False, 'has_extended_profile': False, 'default_profile': False, 'default_profile_image': False, 'following': False, 'follow_request_sent': False, 'notifications': False, 'translator_type': 'none'}",https://twitter.com/diabetesgap/status/1092471650824712192,[],0.0
,,2019-02-03 11:45:57,"[0, 95]","{'hashtags': [], 'symbols': [], 'user_mentions': [], 'urls': [{'url': 'https://t.co/ndqec5wFCi', 'expanded_url': 'https://disabilitycosmos.wordpress.com/2019/02/03/deploying-community-paramedics-to-address-medication-complexity-at-home/', 'display_url': 'disabilitycosmos.wordpress.com/2019/02/03/dep‚Ä¶', 'indices': [72, 95]}]}",0,False,Deploying Community Paramedics To Address Medication Complexity At¬†Home https://t.co/ndqec5wFCi,,1092026400238907392,1092026400238907392,,,,,,False,en,,False,,,,,0,False,"<a href=""http://publicize.wp.com/"" rel=""nofollow"">WordPress.com</a>",False,"{'id': 14771884, 'id_str': '14771884', 'name': 'Norm DeLisle', 'screen_name': 'mdrcngd', 'location': 'Leslie MI 49251', 'description': 'hubby2jill, dog, advocate45+yrs, change strategist, trainer, geezer, pa2Loree, gndpa2Nevin', 'url': 'http://t.co/15R5OoY4vI', 'entities': {'url': {'urls': [{'url': 'http://t.co/15R5OoY4vI', 'expanded_url': 'http://www.mymdrc.org/', 'display_url': 'mymdrc.org', 'indices': [0, 22]}]}, 'description': {'urls': []}}, 'protected': False, 'followers_count': 456, 'friends_count': 447, 'listed_count': 15, 'created_at': 'Wed May 14 11:26:45 +0000 2008', 'favourites_count': 167, 'utc_offset': None, 'time_zone': None, 'geo_enabled': True, 'verified': False, 'statuses_count': 9211, 'lang': 'en', 'contributors_enabled': False, 'is_translator': False, 'is_translation_enabled': False, 'profile_background_color': 'B2DFDA', 'profile_background_image_url': 'http://abs.twimg.com/images/themes/theme13/bg.gif', 'profile_background_image_url_https': 'https://abs.twimg.com/images/themes/theme13/bg.gif', 'profile_background_tile': False, 'profile_image_url': 'http://pbs.twimg.com/profile_images/3740084809/17aad795cb348ee8f4206c7191480da7_normal.png', 'profile_image_url_https': 'https://pbs.twimg.com/profile_images/3740084809/17aad795cb348ee8f4206c7191480da7_normal.png', 'profile_banner_url': 'https://pbs.twimg.com/profile_banners/14771884/1398350239', 'profile_link_color': '93A644', 'profile_sidebar_border_color': 'EEEEEE', 'profile_sidebar_fill_color': 'FFFFFF', 'profile_text_color': '333333', 'profile_use_background_image': True, 'has_extended_profile': False, 'default_profile': False, 'default_profile_image': False, 'following': False, 'follow_request_sent': False, 'notifications': False, 'translator_type': 'none'}",https://twitter.com/mdrcngd/status/1092026400238907392,[],0.0
,,2019-02-01 19:43:23,"[42, 326]","{'hashtags': [], 'symbols': [], 'user_mentions': [{'screen_name': 'morganwarstler', 'name': 'Morgan Warstler', 'id': 7792422, 'id_str': '7792422', 'indices': [0, 15]}, {'screen_name': 'aClassicLiberal', 'name': 'Old Whig', 'id': 103375095, 'id_str': '103375095', 'indices': [16, 32]}, {'screen_name': 'HCashny', 'name': 'Hudson', 'id': 279726380, 'id_str': '279726380', 'indices': [33, 41]}], 'urls': [{'url': 'https://t.co/7AwyDgYpw1', 'expanded_url': 'https://www.healthaffairs.org/do/10.1377/hblog20190129.181994/full/', 'display_url': 'healthaffairs.org/do/10.1377/hbl‚Ä¶', 'indices': [303, 326]}]}",0,False,"@morganwarstler @aClassicLiberal @HCashny Small ball, go to fire station for your pills or better yet, paramedics will just come to you. City Fire Depts are more &amp; more overstaffed as buildings  become more fire-resistant. Providing primary/chronic care is a good side business for them to go into. https://t.co/7AwyDgYpw1",,1091421775496445953,1091421775496445953,morganwarstler,1.0914194766068122e+18,1091419476606812161,7792422.0,7792422,False,en,,False,,,,,0,False,"<a href=""http://twitter.com/download/iphone"" rel=""nofollow"">Twitter for iPhone</a>",False,"{'id': 1084104230, 'id_str': '1084104230', 'name': 'Carlos Mucha', 'screen_name': 'mucha_carlos', 'location': 'Atlanta, GA', 'description': ""'Home of the blogger who popularized the idea of minting a trillion-dollar coin' Wired#101Signals ### Attorney and born doer of good"", 'url': 'https://t.co/CnyIIxn0ZW', 'entities': {'url': {'urls': [{'url': 'https://t.co/CnyIIxn0ZW', 'expanded_url': 'http://www.monetaryrealism.com', 'display_url': 'monetaryrealism.com', 'indices': [0, 23]}]}, 'description': {'urls': []}}, 'protected': False, 'followers_count': 832, 'friends_count': 1930, 'listed_count': 53, 'created_at': 'Sat Jan 12 20:53:11 +0000 2013', 'favourites_count': 12378, 'utc_offset': None, 'time_zone': None, 'geo_enabled': True, 'verified': False, 'statuses_count': 15756, 'lang': 'en', 'contributors_enabled': False, 'is_translator': False, 'is_translation_enabled': False, 'profile_background_color': 'C0DEED', 'profile_background_image_url': 'http://abs.twimg.com/images/themes/theme1/bg.png', 'profile_background_image_url_https': 'https://abs.twimg.com/images/themes/theme1/bg.png', 'profile_background_tile': False, 'profile_image_url': 'http://pbs.twimg.com/profile_images/657214806928281600/nPyvvZ2c_normal.jpg', 'profile_image_url_https': 'https://pbs.twimg.com/profile_images/657214806928281600/nPyvvZ2c_normal.jpg', 'profile_link_color': '1DA1F2', 'profile_sidebar_border_color': 'C0DEED', 'profile_sidebar_fill_color': 'DDEEF6', 'profile_text_color': '333333', 'profile_use_background_image': True, 'has_extended_profile': False, 'default_profile': True, 'default_profile_image': False, 'following': False, 'follow_request_sent': False, 'notifications': False, 'translator_type': 'none'}",https://twitter.com/mucha_carlos/status/1091421775496445953,"['@aClassicLiberal', '@mucha_carlos', '@morganwarstler', '@NiskanenCenter', '@HCashny']",5.0
,,2019-02-01 19:34:15,"[26, 208]","{'hashtags': [], 'symbols': [], 'user_mentions': [{'screen_name': 'aClassicLiberal', 'name': 'Old Whig', 'id': 103375095, 'id_str': '103375095', 'indices': [0, 16]}, {'screen_name': 'HCashny', 'name': 'Hudson', 'id': 279726380, 'id_str': '279726380', 'indices': [17, 25]}], 'urls': []}",1,False,"@aClassicLiberal @HCashny The biggest policy issue for poor on brain meds (and Medicaid spending in general) is actually, how do we increase compliance?  Go to doctor, not ER, pick up meds, stay on meds. Etc.",,1091419476606812161,1091419476606812161,morganwarstler,1.0914191385752904e+18,1091419138575290368,7792422.0,7792422,False,en,,,,,,,0,False,"<a href=""https://about.twitter.com/products/tweetdeck"" rel=""nofollow"">TweetDeck</a>",False,"{'id': 7792422, 'id_str': '7792422', 'name': 'Morgan Warstler', 'screen_name': 'morganwarstler', 'location': 'Austin, TX', 'description': 'Dad. Founder / CEO @GovWhiz Inc. RT ‚â† Endorse', 'url': 'http://t.co/hstDcRnX2p', 'entities': {'url': {'urls': [{'url': 'http://t.co/hstDcRnX2p', 'expanded_url': 'http://www.GovWhiz.com/', 'display_url': 'GovWhiz.com', 'indices': [0, 22]}]}, 'description': {'urls': []}}, 'protected': False, 'followers_count': 1915, 'friends_count': 1132, 'listed_count': 170, 'created_at': 'Sat Jul 28 23:43:06 +0000 2007', 'favourites_count': 4376, 'utc_offset': None, 'time_zone': None, 'geo_enabled': False, 'verified': False, 'statuses_count': 62652, 'lang': 'en', 'contributors_enabled': False, 'is_translator': False, 'is_translation_enabled': False, 'profile_background_color': '040000', 'profile_background_image_url': 'http://abs.twimg.com/images/themes/theme1/bg.png', 'profile_background_image_url_https': 'https://abs.twimg.com/images/themes/theme1/bg.png', 'profile_background_tile': False, 'profile_image_url': 'http://pbs.twimg.com/profile_images/459314345298493440/wJ7-0s5t_normal.jpeg', 'profile_image_url_https': 'https://pbs.twimg.com/profile_images/459314345298493440/wJ7-0s5t_normal.jpeg', 'profile_banner_url': 'https://pbs.twimg.com/profile_banners/7792422/1398344026', 'profile_link_color': '46BFEB', 'profile_sidebar_border_color': 'FFFFFF', 'profile_sidebar_fill_color': '8BA257', 'profile_text_color': '2E3F27', 'profile_use_background_image': True, 'has_extended_profile': True, 'default_profile': False, 'default_profile_image': False, 'following': False, 'follow_request_sent': False, 'notifications': False, 'translator_type': 'none'}",,,
,,2019-02-01 07:31:52,"[0, 141]","{'hashtags': [], 'symbols': [], 'user_mentions': [], 'urls': [{'url': 'https://t.co/JTbaMfpLtQ', 'expanded_url': 'https://www.healthaffairs.org/do/10.1377/hblog20190129.181994/full/#.XFP1zFg8VnE.twitter', 'display_url': 'healthaffairs.org/do/10.1377/hbl‚Ä¶', 'indices': [118, 141]}]}",9,False,Time for Aussies to step up! Deploying Community Paramedics To Address Medication Complexity At Home | Health Affairs https://t.co/JTbaMfpLtQ,,1091237684037599232,1091237684037599232,,,,,,False,en,,False,,,,,3,False,"<a href=""http://twitter.com/download/android"" rel=""nofollow"">Twitter for Android</a>",False,"{'id': 2478252115, 'id_str': '2478252115', 'name': 'Dr Peter', 'screen_name': 'omeara_p', 'location': 'Bendigo, Australia', 'description': 'I am a paramedicine researcher and hold an Adjunct Professorship with Monash University. Interests include rural health and Paramedicine across the world.', 'url': 'https://t.co/tRHXz3qNFk', 'entities': {'url': {'urls': [{'url': 'https://t.co/tRHXz3qNFk', 'expanded_url': 'http://www.paramedicineconsulting.com/Services.php', 'display_url': 'paramedicineconsulting.com/Services.php', 'indices': [0, 23]}]}, 'description': {'urls': []}}, 'protected': False, 'followers_count': 1037, 'friends_count': 919, 'listed_count': 46, 'created_at': 'Mon May 05 11:46:18 +0000 2014', 'favourites_count': 1467, 'utc_offset': None, 'time_zone': None, 'geo_enabled': True, 'verified': False, 'statuses_count': 4108, 'lang': 'en', 'contributors_enabled': False, 'is_translator': False, 'is_translation_enabled': False, 'profile_background_color': 'C0DEED', 'profile_background_image_url': 'http://abs.twimg.com/images/themes/theme1/bg.png', 'profile_background_image_url_https': 'https://abs.twimg.com/images/themes/theme1/bg.png', 'profile_background_tile': False, 'profile_image_url': 'http://pbs.twimg.com/profile_images/463654085908910080/sNgEjlvL_normal.jpeg', 'profile_image_url_https': 'https://pbs.twimg.com/profile_images/463654085908910080/sNgEjlvL_normal.jpeg', 'profile_banner_url': 'https://pbs.twimg.com/profile_banners/2478252115/1399376116', 'profile_link_color': '1DA1F2', 'profile_sidebar_border_color': 'C0DEED', 'profile_sidebar_fill_color': 'DDEEF6', 'profile_text_color': '333333', 'profile_use_background_image': True, 'has_extended_profile': False, 'default_profile': True, 'default_profile_image': False, 'following': False, 'follow_request_sent': False, 'notifications': False, 'translator_type': 'none'}",https://twitter.com/omeara_p/status/1091237684037599232,[],0.0
,,2019-01-31 15:29:43,"[0, 168]","{'hashtags': [{'text': 'HomeVisitingWorks', 'indices': [104, 122]}], 'symbols': [], 'user_mentions': [{'screen_name': 'CHCShealth', 'name': 'CHCS', 'id': 67034699, 'id_str': '67034699', 'indices': [147, 158]}, {'screen_name': 'ctswim00', 'name': 'Caitlin Thomas-Henkel', 'id': 199492522, 'id_str': '199492522', 'indices': [159, 168]}], 'urls': [{'url': 'https://t.co/EWPHBTa0HE', 'expanded_url': 'https://www.healthaffairs.org/do/10.1377/hblog20190129.181994/full', 'display_url': 'healthaffairs.org/do/10.1377/hbl‚Ä¶', 'indices': [123, 146]}]}",1,False,Using community paramedics to prevent some of the 119k annual deaths in the US due to medication errors #HomeVisitingWorks https://t.co/EWPHBTa0HE @CHCShealth @ctswim00,,1090995550021996546,1090995550021996546,,,,,,False,en,,False,,,,,1,False,"<a href=""http://twitter.com"" rel=""nofollow"">Twitter Web Client</a>",False,"{'id': 44922396, 'id_str': '44922396', 'name': 'Christian Heiss', 'screen_name': 'ChristianHeiss', 'location': '', 'description': 'Recovering serial pack-up-and mover', 'url': None, 'entities': {'description': {'urls': []}}, 'protected': False, 'followers_count': 55, 'friends_count': 130, 'listed_count': 1, 'created_at': 'Fri Jun 05 15:54:48 +0000 2009', 'favourites_count': 102, 'utc_offset': None, 'time_zone': None, 'geo_enabled': False, 'verified': False, 'statuses_count': 161, 'lang': 'en', 'contributors_enabled': False, 'is_translator': False, 'is_translation_enabled': False, 'profile_background_color': 'C0DEED', 'profile_background_image_url': 'http://abs.twimg.com/images/themes/theme1/bg.png', 'profile_background_image_url_https': 'https://abs.twimg.com/images/themes/theme1/bg.png', 'profile_background_tile': False, 'profile_image_url': 'http://pbs.twimg.com/profile_images/1463663669/250766_10150200226591009_571286008_7037499_3735307_n__1__normal.jpg', 'profile_image_url_https': 'https://pbs.twimg.com/profile_images/1463663669/250766_10150200226591009_571286008_7037499_3735307_n__1__normal.jpg', 'profile_link_color': '1DA1F2', 'profile_sidebar_border_color': 'C0DEED', 'profile_sidebar_fill_color': 'DDEEF6', 'profile_text_color': '333333', 'profile_use_background_image': True, 'has_extended_profile': False, 'default_profile': True, 'default_profile_image': False, 'following': False, 'follow_request_sent': False, 'notifications': False, 'translator_type': 'none'}",https://twitter.com/ChristianHeiss/status/1090995550021996546,[],0.0
,,2019-01-31 14:56:23,"[0, 151]","{'hashtags': [{'text': 'mih', 'indices': [107, 111]}], 'symbols': [], 'user_mentions': [], 'urls': [{'url': 'https://t.co/8zGQgpQsJt', 'expanded_url': 'http://ow.ly/KJV230nwKWn', 'display_url': 'ow.ly/KJV230nwKWn', 'indices': [82, 105]}, {'url': 'https://t.co/5lVEoEnNH1', 'expanded_url': 'https://twitter.com/NAEMT_/status/1090986206597394432', 'display_url': 'twitter.com/NAEMT_/status/‚Ä¶', 'indices': [127, 150]}]}",0,False,NAEMT_:Deploying Community Paramedics To Address Medication Complexity At Home... https://t.co/8zGQgpQsJt  #mih-cp(via Twitter https://t.co/5lVEoEnNH1),,1090987163012005890,1090987163012005890,,,,,,True,en,,False,"{'created_at': 'Thu Jan 31 14:52:35 +0000 2019', 'id': 1090986206597394432, 'id_str': '1090986206597394432', 'full_text': 'Deploying Community Paramedics To Address Medication Complexity At Home... https://t.co/32O8Wbdmqv  #mih-cp', 'truncated': False, 'display_text_range': [0, 107], 'entities': {'hashtags': [{'text': 'mih', 'indices': [100, 104]}], 'symbols': [], 'user_mentions': [], 'urls': [{'url': 'https://t.co/32O8Wbdmqv', 'expanded_url': 'http://ow.ly/KJV230nwKWn', 'display_url': 'ow.ly/KJV230nwKWn', 'indices': [75, 98]}]}, 'source': '<a href=""https://www.hootsuite.com"" rel=""nofollow"">Hootsuite Inc.</a>', 'in_reply_to_status_id': None, 'in_reply_to_status_id_str': None, 'in_reply_to_user_id': None, 'in_reply_to_user_id_str': None, 'in_reply_to_screen_name': None, 'user': {'id': 481483697, 'id_str': '481483697', 'name': ""Nat'l Assoc of EMTs"", 'screen_name': 'NAEMT_', 'location': '', 'description': 'The mission of the NAEMT is to represent and serve EMS practitioners  through advocacy, educational programs and research.', 'url': 'http://t.co/1XCA0WxtIb', 'entities': {'url': {'urls': [{'url': 'http://t.co/1XCA0WxtIb', 'expanded_url': 'http://www.naemt.org', 'display_url': 'naemt.org', 'indices': [0, 22]}]}, 'description': {'urls': []}}, 'protected': False, 'followers_count': 10140, 'friends_count': 1390, 'listed_count': 111, 'created_at': 'Thu Feb 02 20:25:50 +0000 2012', 'favourites_count': 1255, 'utc_offset': None, 'time_zone': None, 'geo_enabled': False, 'verified': False, 'statuses_count': 6421, 'lang': 'en', 'contributors_enabled': False, 'is_translator': False, 'is_translation_enabled': False, 'profile_background_color': 'D9D5D2', 'profile_background_image_url': 'http://abs.twimg.com/images/themes/theme1/bg.png', 'profile_background_image_url_https': 'https://abs.twimg.com/images/themes/theme1/bg.png', 'profile_background_tile': True, 'profile_image_url': 'http://pbs.twimg.com/profile_images/875437935553806336/bN3c-OBY_normal.jpg', 'profile_image_url_https': 'https://pbs.twimg.com/profile_images/875437935553806336/bN3c-OBY_normal.jpg', 'profile_banner_url': 'https://pbs.twimg.com/profile_banners/481483697/1553597744', 'profile_link_color': '867379', 'profile_sidebar_border_color': '65444B', 'profile_sidebar_fill_color': 'ADAFAC', 'profile_text_color': '999CA5', 'profile_use_background_image': True, 'has_extended_profile': False, 'default_profile': False, 'default_profile_image': False, 'following': False, 'follow_request_sent': False, 'notifications': False, 'translator_type': 'none'}, 'geo': None, 'coordinates': None, 'place': None, 'contributors': None, 'is_quote_status': False, 'retweet_count': 0, 'favorite_count': 2, 'favorited': False, 'retweeted': False, 'possibly_sensitive': False, 'lang': 'en'}",1.0909862065973944e+18,1090986206597394432,"{'url': 'https://t.co/5lVEoEnNH1', 'expanded': 'https://twitter.com/NAEMT_/status/1090986206597394432', 'display': 'twitter.com/NAEMT_/status/‚Ä¶'}",0,False,"<a href=""https://ifttt.com"" rel=""nofollow"">IFTTT</a>",False,"{'id': 781568177176051712, 'id_str': '781568177176051712', 'name': 'EMS Daily', 'screen_name': 'EMS_Information', 'location': 'Worldwide', 'description': 'Fastest growing and largest Resource of #EMS related info all in one feed.', 'url': None, 'entities': {'description': {'urls': []}}, 'protected': False, 'followers_count': 1056, 'friends_count': 89, 'listed_count': 113, 'created_at': 'Thu Sep 29 18:55:49 +0000 2016', 'favourites_count': 79, 'utc_offset': None, 'time_zone': None, 'geo_enabled': False, 'verified': False, 'statuses_count': 135115, 'lang': 'en', 'contributors_enabled': False, 'is_translator': False, 'is_translation_enabled': False, 'profile_background_color': 'F5F8FA', 'profile_background_image_url': None, 'profile_background_image_url_https': None, 'profile_background_tile': False, 'profile_image_url': 'http://pbs.twimg.com/profile_images/783426951029530625/IIGkd8Wn_normal.jpg', 'profile_image_url_https': 'https://pbs.twimg.com/profile_images/783426951029530625/IIGkd8Wn_normal.jpg', 'profile_banner_url': 'https://pbs.twimg.com/profile_banners/781568177176051712/1475618648', 'profile_link_color': '1DA1F2', 'profile_sidebar_border_color': 'C0DEED', 'profile_sidebar_fill_color': 'DDEEF6', 'profile_text_color': '333333', 'profile_use_background_image': True, 'has_extended_profile': False, 'default_profile': True, 'default_profile_image': False, 'following': False, 'follow_request_sent': False, 'notifications': False, 'translator_type': 'none'}",https://twitter.com/EMS_Information/status/1090987163012005890,[],0.0
,,2019-01-31 14:52:35,"[0, 107]","{'hashtags': [{'text': 'mih', 'indices': [100, 104]}], 'symbols': [], 'user_mentions': [], 'urls': [{'url': 'https://t.co/32O8Wbdmqv', 'expanded_url': 'http://ow.ly/KJV230nwKWn', 'display_url': 'ow.ly/KJV230nwKWn', 'indices': [75, 98]}]}",2,False,Deploying Community Paramedics To Address Medication Complexity At Home... https://t.co/32O8Wbdmqv  #mih-cp,,1090986206597394432,1090986206597394432,,,,,,False,en,,False,,,,,0,False,"<a href=""https://www.hootsuite.com"" rel=""nofollow"">Hootsuite Inc.</a>",False,"{'id': 481483697, 'id_str': '481483697', 'name': ""Nat'l Assoc of EMTs"", 'screen_name': 'NAEMT_', 'location': '', 'description': 'The mission of the NAEMT is to represent and serve EMS practitioners  through advocacy, educational programs and research.', 'url': 'http://t.co/1XCA0WxtIb', 'entities': {'url': {'urls': [{'url': 'http://t.co/1XCA0WxtIb', 'expanded_url': 'http://www.naemt.org', 'display_url': 'naemt.org', 'indices': [0, 22]}]}, 'description': {'urls': []}}, 'protected': False, 'followers_count': 10140, 'friends_count': 1390, 'listed_count': 111, 'created_at': 'Thu Feb 02 20:25:50 +0000 2012', 'favourites_count': 1255, 'utc_offset': None, 'time_zone': None, 'geo_enabled': False, 'verified': False, 'statuses_count': 6421, 'lang': 'en', 'contributors_enabled': False, 'is_translator': False, 'is_translation_enabled': False, 'profile_background_color': 'D9D5D2', 'profile_background_image_url': 'http://abs.twimg.com/images/themes/theme1/bg.png', 'profile_background_image_url_https': 'https://abs.twimg.com/images/themes/theme1/bg.png', 'profile_background_tile': True, 'profile_image_url': 'http://pbs.twimg.com/profile_images/875437935553806336/bN3c-OBY_normal.jpg', 'profile_image_url_https': 'https://pbs.twimg.com/profile_images/875437935553806336/bN3c-OBY_normal.jpg', 'profile_banner_url': 'https://pbs.twimg.com/profile_banners/481483697/1553597744', 'profile_link_color': '867379', 'profile_sidebar_border_color': '65444B', 'profile_sidebar_fill_color': 'ADAFAC', 'profile_text_color': '999CA5', 'profile_use_background_image': True, 'has_extended_profile': False, 'default_profile': False, 'default_profile_image': False, 'following': False, 'follow_request_sent': False, 'notifications': False, 'translator_type': 'none'}",https://twitter.com/NAEMT_/status/1090986206597394432,[],0.0
,,2019-01-31 14:38:54,"[0, 112]","{'hashtags': [], 'symbols': [], 'user_mentions': [], 'urls': [{'url': 'https://t.co/hkQXQ2Odyv', 'expanded_url': 'https://www.healthaffairs.org/do/10.1377/hblog20190129.181994/full/', 'display_url': 'healthaffairs.org/do/10.1377/hbl‚Ä¶', 'indices': [89, 112]}]}",0,False,Deploying Community Paramedics To Address Medication Complexity At Home | Health Affairs https://t.co/hkQXQ2Odyv,,1090982762004111362,1090982762004111362,,,,,,False,en,,False,,,,,0,False,"<a href=""http://www.facebook.com/twitter"" rel=""nofollow"">Facebook</a>",False,"{'id': 878012621580054528, 'id_str': '878012621580054528', 'name': 'GFES', 'screen_name': 'GFES_Medics', 'location': '', 'description': '', 'url': None, 'entities': {'description': {'urls': []}}, 'protected': False, 'followers_count': 44, 'friends_count': 23, 'listed_count': 1, 'created_at': 'Thu Jun 22 22:11:36 +0000 2017', 'favourites_count': 18, 'utc_offset': None, 'time_zone': None, 'geo_enabled': False, 'verified': False, 'statuses_count': 667, 'lang': 'en', 'contributors_enabled': False, 'is_translator': False, 'is_translation_enabled': False, 'profile_background_color': 'F5F8FA', 'profile_background_image_url': None, 'profile_background_image_url_https': None, 'profile_background_tile': False, 'profile_image_url': 'http://pbs.twimg.com/profile_images/968256163304255488/6j3A7fYB_normal.jpg', 'profile_image_url_https': 'https://pbs.twimg.com/profile_images/968256163304255488/6j3A7fYB_normal.jpg', 'profile_banner_url': 'https://pbs.twimg.com/profile_banners/878012621580054528/1498765411', 'profile_link_color': '1DA1F2', 'profile_sidebar_border_color': 'C0DEED', 'profile_sidebar_fill_color': 'DDEEF6', 'profile_text_color': '333333', 'profile_use_background_image': True, 'has_extended_profile': False, 'default_profile': True, 'default_profile_image': False, 'following': False, 'follow_request_sent': False, 'notifications': False, 'translator_type': 'none'}",https://twitter.com/GFES_Medics/status/1090982762004111362,[],0.0
,,2019-01-31 13:27:00,"[0, 258]","{'hashtags': [{'text': 'EMS', 'indices': [15, 19]}, {'text': 'CommunityParamedicine', 'indices': [20, 42]}, {'text': 'HealthAffairs', 'indices': [78, 92]}, {'text': 'MIH', 'indices': [144, 148]}, {'text': 'CP', 'indices': [153, 156]}, {'text': 'NY', 'indices': [187, 190]}], 'symbols': [], 'user_mentions': [{'screen_name': 'thedacare', 'name': 'Bonita Schmidt', 'id': 37668659, 'id_str': '37668659', 'indices': [54, 64]}], 'urls': [{'url': 'https://t.co/fABi3WwQHR', 'expanded_url': 'https://www.healthaffairs.org/do/10.1377/hblog20190129.181994/full/', 'display_url': 'healthaffairs.org/do/10.1377/hbl‚Ä¶', 'indices': [95, 118]}, {'url': 'https://t.co/5YxNeBeLhG', 'expanded_url': 'http://nymiha.org/conference/', 'display_url': 'nymiha.org/conference/', 'indices': [235, 258]}]}",2,False,New article on #EMS #CommunityParamedicine Program in @ThedaCare published in #HealthAffairs.  https://t.co/fABi3WwQHR Learn about the state of #MIH and #CP nationally and locally at the #NY Mobile Integrated Healthcare Conf on 3/29 @ https://t.co/5YxNeBeLhG,,1090964666904391682,1090964666904391682,,,,,,False,en,,False,,,,,0,False,"<a href=""http://twitter.com"" rel=""nofollow"">Twitter Web Client</a>",False,"{'id': 2416193826, 'id_str': '2416193826', 'name': 'NYMIHA', 'screen_name': 'NYMIHA', 'location': '', 'description': 'New York Mobile Integrated Healthcare Association is focused on expanding the role of EMS within communities and the healthcare system. http://t.co/whbZZpol0p', 'url': 'http://t.co/sQmaCtT6tq', 'entities': {'url': {'urls': [{'url': 'http://t.co/sQmaCtT6tq', 'expanded_url': 'http://nymiha.org', 'display_url': 'nymiha.org', 'indices': [0, 22]}]}, 'description': {'urls': [{'url': 'http://t.co/whbZZpol0p', 'expanded_url': 'http://nycommunityparamedicine.org', 'display_url': 'nycommunityparamedicine.org', 'indices': [136, 158]}]}}, 'protected': False, 'followers_count': 157, 'friends_count': 154, 'listed_count': 1, 'created_at': 'Fri Mar 28 17:05:50 +0000 2014', 'favourites_count': 31, 'utc_offset': None, 'time_zone': None, 'geo_enabled': True, 'verified': False, 'statuses_count': 398, 'lang': 'en', 'contributors_enabled': False, 'is_translator': False, 'is_translation_enabled': False, 'profile_background_color': 'C0DEED', 'profile_background_image_url': 'http://abs.twimg.com/images/themes/theme1/bg.png', 'profile_background_image_url_https': 'https://abs.twimg.com/images/themes/theme1/bg.png', 'profile_background_tile': False, 'profile_image_url': 'http://pbs.twimg.com/profile_images/449597050514993152/Wqe7LC7o_normal.jpeg', 'profile_image_url_https': 'https://pbs.twimg.com/profile_images/449597050514993152/Wqe7LC7o_normal.jpeg', 'profile_link_color': '1DA1F2', 'profile_sidebar_border_color': 'C0DEED', 'profile_sidebar_fill_color': 'DDEEF6', 'profile_text_color': '333333', 'profile_use_background_image': True, 'has_extended_profile': False, 'default_profile': True, 'default_profile_image': False, 'following': False, 'follow_request_sent': False, 'notifications': False, 'translator_type': 'none'}",https://twitter.com/NYMIHA/status/1090964666904391682,[],0.0
,,2019-01-31 02:19:11,"[0, 143]","{'hashtags': [], 'symbols': [], 'user_mentions': [], 'urls': [{'url': 'https://t.co/elIFdUKDCc', 'expanded_url': 'https://www.healthaffairs.org/do/10.1377/hblog20190129.181994/full/?utm_source=Newsletter&utm_medium=email&utm_content=Community+Paramedics+To+Address+Medication+Complexity%3B+New+Products+Vs++Existing+Product+Inflation+In+The+Rising+Costs+Of+Drugs%3B+Podcast%3A+The+Shutdown+And+Public+Health&utm_campaign=HAT', 'display_url': 'healthaffairs.org/do/10.1377/hbl‚Ä¶', 'indices': [120, 143]}]}",1,False,We could not agree more and love the community paramedic program in Durham; we need to work even more closely together. https://t.co/elIFdUKDCc,,1090796607723974657,1090796607723974657,,,,,,False,en,,False,,,,,0,False,"<a href=""http://www.facebook.com/twitter"" rel=""nofollow"">Facebook</a>",False,"{'id': 2911033035, 'id_str': '2911033035', 'name': 'Senior PharmAssist', 'screen_name': 'SrPharmAssist', 'location': 'Durham, NC', 'description': 'Senior PharmAssist helps seniors in Durham obtain and better manage needed medications & provides tailored community referrals & Medicare insurance counseling.', 'url': 'http://t.co/CHmJDO2oiY', 'entities': {'url': {'urls': [{'url': 'http://t.co/CHmJDO2oiY', 'expanded_url': 'http://www.seniorpharmassist.org', 'display_url': 'seniorpharmassist.org', 'indices': [0, 22]}]}, 'description': {'urls': []}}, 'protected': False, 'followers_count': 201, 'friends_count': 185, 'listed_count': 1, 'created_at': 'Mon Dec 08 15:11:37 +0000 2014', 'favourites_count': 472, 'utc_offset': None, 'time_zone': None, 'geo_enabled': True, 'verified': False, 'statuses_count': 720, 'lang': 'en', 'contributors_enabled': False, 'is_translator': False, 'is_translation_enabled': False, 'profile_background_color': 'C0DEED', 'profile_background_image_url': 'http://abs.twimg.com/images/themes/theme1/bg.png', 'profile_background_image_url_https': 'https://abs.twimg.com/images/themes/theme1/bg.png', 'profile_background_tile': False, 'profile_image_url': 'http://pbs.twimg.com/profile_images/541974816626966528/pD1IBwil_normal.png', 'profile_image_url_https': 'https://pbs.twimg.com/profile_images/541974816626966528/pD1IBwil_normal.png', 'profile_banner_url': 'https://pbs.twimg.com/profile_banners/2911033035/1418053162', 'profile_link_color': '1DA1F2', 'profile_sidebar_border_color': 'C0DEED', 'profile_sidebar_fill_color': 'DDEEF6', 'profile_text_color': '333333', 'profile_use_background_image': True, 'has_extended_profile': False, 'default_profile': True, 'default_profile_image': False, 'following': False, 'follow_request_sent': False, 'notifications': False, 'translator_type': 'none'}",https://twitter.com/SrPharmAssist/status/1090796607723974657,[],0.0
,,2019-01-30 22:00:19,"[0, 209]","{'hashtags': [{'text': 'polypharmacy', 'indices': [150, 163]}, {'text': 'SDOH', 'indices': [164, 169]}], 'symbols': [], 'user_mentions': [{'screen_name': 'Health_Affairs', 'name': 'Health Affairs', 'id': 15235829, 'id_str': '15235829', 'indices': [170, 185]}, {'screen_name': 'CHCShealth', 'name': 'CHCS', 'id': 67034699, 'id_str': '67034699', 'indices': [186, 197]}, {'screen_name': 'MooreFound', 'name': 'Moore Foundation', 'id': 755419584, 'id_str': '755419584', 'indices': [198, 209]}], 'urls': [{'url': 'https://t.co/dmq4LeLKaC', 'expanded_url': 'https://www.healthaffairs.org/do/10.1377/hblog20190129.181994/full/', 'display_url': 'healthaffairs.org/do/10.1377/hbl‚Ä¶', 'indices': [126, 149]}]}",3,False,"Learn about medication complexity and how our health system is addressing it through innovative community-based strategies. 

https://t.co/dmq4LeLKaC
#polypharmacy #SDOH @Health_Affairs @CHCShealth @MooreFound",,1090731458661154817,1090731458661154817,,,,,,False,en,,False,,,,,0,False,"<a href=""https://www.hootsuite.com"" rel=""nofollow"">Hootsuite Inc.</a>",False,"{'id': 43251509, 'id_str': '43251509', 'name': 'ThedaCare', 'screen_name': 'ThedaCareHealth', 'location': 'Appleton, WI', 'description': 'Official Twitter Account for ThedaCare, a non-profit health provider in Northeastern Wisconsin.', 'url': 'http://t.co/M35z6gxY8e', 'entities': {'url': {'urls': [{'url': 'http://t.co/M35z6gxY8e', 'expanded_url': 'http://www.thedacare.org', 'display_url': 'thedacare.org', 'indices': [0, 22]}]}, 'description': {'urls': []}}, 'protected': False, 'followers_count': 4769, 'friends_count': 3854, 'listed_count': 119, 'created_at': 'Fri May 29 02:25:23 +0000 2009', 'favourites_count': 5946, 'utc_offset': None, 'time_zone': None, 'geo_enabled': False, 'verified': False, 'statuses_count': 19170, 'lang': 'en', 'contributors_enabled': False, 'is_translator': False, 'is_translation_enabled': False, 'profile_background_color': 'FFFFFF', 'profile_background_image_url': 'http://abs.twimg.com/images/themes/theme1/bg.png', 'profile_background_image_url_https': 'https://abs.twimg.com/images/themes/theme1/bg.png', 'profile_background_tile': False, 'profile_image_url': 'http://pbs.twimg.com/profile_images/1057964252273635329/ZOLBSpaS_normal.jpg', 'profile_image_url_https': 'https://pbs.twimg.com/profile_images/1057964252273635329/ZOLBSpaS_normal.jpg', 'profile_banner_url': 'https://pbs.twimg.com/profile_banners/43251509/1551477109', 'profile_link_color': '0C0A7D', 'profile_sidebar_border_color': '990000', 'profile_sidebar_fill_color': '999999', 'profile_text_color': '333333', 'profile_use_background_image': False, 'has_extended_profile': False, 'default_profile': False, 'default_profile_image': False, 'following': False, 'follow_request_sent': False, 'notifications': False, 'translator_type': 'none'}",https://twitter.com/ThedaCareHealth/status/1090731458661154817,[],0.0
,,2019-01-30 21:43:00,"[0, 225]","{'hashtags': [{'text': 'workforce', 'indices': [150, 160]}, {'text': 'community', 'indices': [168, 178]}], 'symbols': [], 'user_mentions': [{'screen_name': 'Health_Affairs', 'name': 'Health Affairs', 'id': 15235829, 'id_str': '15235829', 'indices': [7, 22]}, {'screen_name': 'CHCShealth', 'name': 'CHCS', 'id': 67034699, 'id_str': '67034699', 'indices': [179, 190]}, {'screen_name': 'ctswim00', 'name': 'Caitlin Thomas-Henkel', 'id': 199492522, 'id_str': '199492522', 'indices': [192, 201]}], 'urls': [{'url': 'https://t.co/tJiQHlYlv9', 'expanded_url': 'https://www.healthaffairs.org/do/10.1377/hblog20190129.181994/full/', 'display_url': 'healthaffairs.org/do/10.1377/hbl‚Ä¶', 'indices': [202, 225]}]}",7,False,"New on @Health_Affairs Blog: Deploying Community Paramedics To Address Medication Complexity At Home by Caitlin Thomas-Henkel  &amp; Sandi Groenewold #workforce in the #community @CHCShealth, @ctswim00 https://t.co/tJiQHlYlv9",,1090727101160771584,1090727101160771584,,,,,,False,en,,False,,,,,5,False,"<a href=""https://about.twitter.com/products/tweetdeck"" rel=""nofollow"">TweetDeck</a>",False,"{'id': 15235829, 'id_str': '15235829', 'name': 'Health Affairs', 'screen_name': 'Health_Affairs', 'location': 'Washington, D.C.', 'description': 'At the intersection of health, health care, and policy. Follows/Tweets/RTs ‚â† endorsements.', 'url': 'http://t.co/MtHbnLs3LV', 'entities': {'url': {'urls': [{'url': 'http://t.co/MtHbnLs3LV', 'expanded_url': 'http://www.healthaffairs.org', 'display_url': 'healthaffairs.org', 'indices': [0, 22]}]}, 'description': {'urls': []}}, 'protected': False, 'followers_count': 146211, 'friends_count': 681, 'listed_count': 3632, 'created_at': 'Wed Jun 25 20:00:57 +0000 2008', 'favourites_count': 16998, 'utc_offset': None, 'time_zone': None, 'geo_enabled': True, 'verified': True, 'statuses_count': 22175, 'lang': 'en', 'contributors_enabled': False, 'is_translator': False, 'is_translation_enabled': False, 'profile_background_color': '00CCFF', 'profile_background_image_url': 'http://abs.twimg.com/images/themes/theme1/bg.png', 'profile_background_image_url_https': 'https://abs.twimg.com/images/themes/theme1/bg.png', 'profile_background_tile': False, 'profile_image_url': 'http://pbs.twimg.com/profile_images/829042623620997121/KsooCcWa_normal.jpg', 'profile_image_url_https': 'https://pbs.twimg.com/profile_images/829042623620997121/KsooCcWa_normal.jpg', 'profile_banner_url': 'https://pbs.twimg.com/profile_banners/15235829/1471888865', 'profile_link_color': '0084B4', 'profile_sidebar_border_color': 'C0DEED', 'profile_sidebar_fill_color': 'DDEEF6', 'profile_text_color': '333333', 'profile_use_background_image': False, 'has_extended_profile': False, 'default_profile': False, 'default_profile_image': False, 'following': False, 'follow_request_sent': False, 'notifications': False, 'translator_type': 'none'}",https://twitter.com/Health_Affairs/status/1090727101160771584,[],0.0
,,2019-01-30 21:40:48,"[0, 217]","{'hashtags': [{'text': 'Pharmacistswakeup', 'indices': [96, 114]}, {'text': 'Pharmacistsprovidecare', 'indices': [116, 139]}, {'text': 'ifyoupayparamedicsyoucouldpaypharmacists', 'indices': [140, 181]}, {'text': 'pharmacistsarethemedicationexperts', 'indices': [182, 217]}], 'symbols': [], 'user_mentions': [], 'urls': [{'url': 'https://t.co/LieUF9zKHW', 'expanded_url': 'http://disq.us/t/3b0salv', 'display_url': 'disq.us/t/3b0salv', 'indices': [72, 95]}]}",1,False,Deploying Community Paramedics To Address Medication Complexity At Home https://t.co/LieUF9zKHW #Pharmacistswakeup! #Pharmacistsprovidecare #ifyoupayparamedicsyoucouldpaypharmacists #pharmacistsarethemedicationexperts,,1090726546451640321,1090726546451640321,,,,,,False,en,,False,,,,,0,False,"<a href=""http://twitter.com"" rel=""nofollow"">Twitter Web Client</a>",False,"{'id': 720046405, 'id_str': '720046405', 'name': 'Starlin H-Greatting', 'screen_name': 'StarlinRPh', 'location': 'Springfield, Illinois', 'description': 'Pharmacist: IPhA‚Äôs PSMP for Diabetes & CV Health.Pharmacist Driven Patient Centered Care!MTM;Pharmacoepidemiology;MotivationalInterviewing.', 'url': 'http://t.co/qPuiaFs8oD', 'entities': {'url': {'urls': [{'url': 'http://t.co/qPuiaFs8oD', 'expanded_url': 'http://ipha.org', 'display_url': 'ipha.org', 'indices': [0, 22]}]}, 'description': {'urls': []}}, 'protected': False, 'followers_count': 795, 'friends_count': 1324, 'listed_count': 29, 'created_at': 'Fri Jul 27 12:14:55 +0000 2012', 'favourites_count': 8030, 'utc_offset': None, 'time_zone': None, 'geo_enabled': True, 'verified': False, 'statuses_count': 7223, 'lang': 'en', 'contributors_enabled': False, 'is_translator': False, 'is_translation_enabled': False, 'profile_background_color': '0099B9', 'profile_background_image_url': 'http://abs.twimg.com/images/themes/theme4/bg.gif', 'profile_background_image_url_https': 'https://abs.twimg.com/images/themes/theme4/bg.gif', 'profile_background_tile': False, 'profile_image_url': 'http://pbs.twimg.com/profile_images/528913480892813312/UEXA7h73_normal.jpeg', 'profile_image_url_https': 'https://pbs.twimg.com/profile_images/528913480892813312/UEXA7h73_normal.jpeg', 'profile_banner_url': 'https://pbs.twimg.com/profile_banners/720046405/1443696170', 'profile_link_color': '0099B9', 'profile_sidebar_border_color': '5ED4DC', 'profile_sidebar_fill_color': '95E8EC', 'profile_text_color': '3C3940', 'profile_use_background_image': True, 'has_extended_profile': False, 'default_profile': False, 'default_profile_image': False, 'following': False, 'follow_request_sent': False, 'notifications': False, 'translator_type': 'none'}",https://twitter.com/StarlinRPh/status/1090726546451640321,[],0.0
,,2019-01-30 19:55:38,"[0, 206]","{'hashtags': [], 'symbols': [], 'user_mentions': [{'screen_name': 'CHCShealth', 'name': 'CHCS', 'id': 67034699, 'id_str': '67034699', 'indices': [59, 70]}, {'screen_name': 'CHCShealth', 'name': 'CHCS', 'id': 67034699, 'id_str': '67034699', 'indices': [195, 206]}], 'urls': [{'url': 'https://t.co/uoZm8ZJ6Ee', 'expanded_url': 'http://bit.ly/2FPCCTn', 'display_url': 'bit.ly/2FPCCTn', 'indices': [167, 190]}]}",0,False,Closing the gap on preventable adverse drug events - Kudos @CHCShealth:  Health Affairs Blog | Deploying Community Paramedics to Address Medication Complexity at Home https://t.co/uoZm8ZJ6Ee via @CHCShealth,,1090700082805125120,1090700082805125120,,,,,,False,en,,False,,,,,0,False,"<a href=""http://twitter.com"" rel=""nofollow"">Twitter Web Client</a>",False,"{'id': 3301721599, 'id_str': '3301721599', 'name': 'Rhonda Oakes', 'screen_name': 'Rhonda_P_Oakes', 'location': '', 'description': 'Passionate nurse, making every day count.  Each contact with people and the environment is the chance to do good.', 'url': None, 'entities': {'description': {'urls': []}}, 'protected': False, 'followers_count': 85, 'friends_count': 322, 'listed_count': 0, 'created_at': 'Thu Jul 30 15:58:33 +0000 2015', 'favourites_count': 751, 'utc_offset': None, 'time_zone': None, 'geo_enabled': False, 'verified': False, 'statuses_count': 407, 'lang': 'en', 'contributors_enabled': False, 'is_translator': False, 'is_translation_enabled': False, 'profile_background_color': 'C0DEED', 'profile_background_image_url': 'http://abs.twimg.com/images/themes/theme1/bg.png', 'profile_background_image_url_https': 'https://abs.twimg.com/images/themes/theme1/bg.png', 'profile_background_tile': False, 'profile_image_url': 'http://pbs.twimg.com/profile_images/981971595051831296/hMPP3qiR_normal.jpg', 'profile_image_url_https': 'https://pbs.twimg.com/profile_images/981971595051831296/hMPP3qiR_normal.jpg', 'profile_banner_url': 'https://pbs.twimg.com/profile_banners/3301721599/1495240814', 'profile_link_color': '1DA1F2', 'profile_sidebar_border_color': 'C0DEED', 'profile_sidebar_fill_color': 'DDEEF6', 'profile_text_color': '333333', 'profile_use_background_image': True, 'has_extended_profile': False, 'default_profile': True, 'default_profile_image': False, 'following': False, 'follow_request_sent': False, 'notifications': False, 'translator_type': 'none'}",https://twitter.com/Rhonda_P_Oakes/status/1090700082805125120,[],0.0
,,2019-01-30 17:27:53,"[0, 112]","{'hashtags': [], 'symbols': [], 'user_mentions': [], 'urls': [{'url': 'https://t.co/O2rR6KVy54', 'expanded_url': 'https://www.healthaffairs.org/do/10.1377/hblog20190129.181994/full/#.XFHekJxYE-Y.twitter', 'display_url': 'healthaffairs.org/do/10.1377/hbl‚Ä¶', 'indices': [89, 112]}]}",0,False,Deploying Community Paramedics To Address Medication Complexity At Home | Health Affairs https://t.co/O2rR6KVy54,,1090662900740411392,1090662900740411392,,,,,,False,en,,False,,,,,0,False,"<a href=""http://twitter.com"" rel=""nofollow"">Twitter Web Client</a>",False,"{'id': 232345793, 'id_str': '232345793', 'name': 'Robert O Valdez,PhD', 'screen_name': 'ValdezBurciaga', 'location': '', 'description': 'Executive Director, RWJF Center for Health Policy at UNM and Robert Wood Johnson Foundation Professor, Family & Community Medicine and Economics', 'url': 'http://t.co/J3W6Y59WeU', 'entities': {'url': {'urls': [{'url': 'http://t.co/J3W6Y59WeU', 'expanded_url': 'http://healthpolicy.unm.edu', 'display_url': 'healthpolicy.unm.edu', 'indices': [0, 22]}]}, 'description': {'urls': []}}, 'protected': False, 'followers_count': 150, 'friends_count': 85, 'listed_count': 5, 'created_at': 'Thu Dec 30 22:23:12 +0000 2010', 'favourites_count': 1219, 'utc_offset': None, 'time_zone': None, 'geo_enabled': False, 'verified': False, 'statuses_count': 2262, 'lang': 'en', 'contributors_enabled': False, 'is_translator': False, 'is_translation_enabled': False, 'profile_background_color': 'C0DEED', 'profile_background_image_url': 'http://abs.twimg.com/images/themes/theme1/bg.png', 'profile_background_image_url_https': 'https://abs.twimg.com/images/themes/theme1/bg.png', 'profile_background_tile': False, 'profile_image_url': 'http://pbs.twimg.com/profile_images/2255250151/ValdezBioPhotoFeb11_normal.jpg', 'profile_image_url_https': 'https://pbs.twimg.com/profile_images/2255250151/ValdezBioPhotoFeb11_normal.jpg', 'profile_link_color': '1DA1F2', 'profile_sidebar_border_color': 'C0DEED', 'profile_sidebar_fill_color': 'DDEEF6', 'profile_text_color': '333333', 'profile_use_background_image': True, 'has_extended_profile': False, 'default_profile': True, 'default_profile_image': False, 'following': False, 'follow_request_sent': False, 'notifications': False, 'translator_type': 'none'}",https://twitter.com/ValdezBurciaga/status/1090662900740411392,[],0.0
,,2019-01-30 15:45:58,"[0, 225]","{'hashtags': [{'text': 'workforce', 'indices': [150, 160]}, {'text': 'community', 'indices': [168, 178]}], 'symbols': [], 'user_mentions': [{'screen_name': 'Health_Affairs', 'name': 'Health Affairs', 'id': 15235829, 'id_str': '15235829', 'indices': [7, 22]}, {'screen_name': 'CHCShealth', 'name': 'CHCS', 'id': 67034699, 'id_str': '67034699', 'indices': [179, 190]}, {'screen_name': 'ctswim00', 'name': 'Caitlin Thomas-Henkel', 'id': 199492522, 'id_str': '199492522', 'indices': [192, 201]}], 'urls': [{'url': 'https://t.co/tJiQHmfWTJ', 'expanded_url': 'https://www.healthaffairs.org/do/10.1377/hblog20190129.181994/full/', 'display_url': 'healthaffairs.org/do/10.1377/hbl‚Ä¶', 'indices': [202, 225]}]}",10,False,"New on @Health_Affairs Blog: Deploying Community Paramedics To Address Medication Complexity At Home by Caitlin Thomas-Henkel  &amp; Sandi Groenewold #workforce in the #community @CHCShealth, @ctswim00 https://t.co/tJiQHmfWTJ",,1090637252181573632,1090637252181573632,,,,,,False,en,,False,,,,,3,False,"<a href=""https://about.twitter.com/products/tweetdeck"" rel=""nofollow"">TweetDeck</a>",False,"{'id': 15235829, 'id_str': '15235829', 'name': 'Health Affairs', 'screen_name': 'Health_Affairs', 'location': 'Washington, D.C.', 'description': 'At the intersection of health, health care, and policy. Follows/Tweets/RTs ‚â† endorsements.', 'url': 'http://t.co/MtHbnLs3LV', 'entities': {'url': {'urls': [{'url': 'http://t.co/MtHbnLs3LV', 'expanded_url': 'http://www.healthaffairs.org', 'display_url': 'healthaffairs.org', 'indices': [0, 22]}]}, 'description': {'urls': []}}, 'protected': False, 'followers_count': 146211, 'friends_count': 681, 'listed_count': 3632, 'created_at': 'Wed Jun 25 20:00:57 +0000 2008', 'favourites_count': 16998, 'utc_offset': None, 'time_zone': None, 'geo_enabled': True, 'verified': True, 'statuses_count': 22175, 'lang': 'en', 'contributors_enabled': False, 'is_translator': False, 'is_translation_enabled': False, 'profile_background_color': '00CCFF', 'profile_background_image_url': 'http://abs.twimg.com/images/themes/theme1/bg.png', 'profile_background_image_url_https': 'https://abs.twimg.com/images/themes/theme1/bg.png', 'profile_background_tile': False, 'profile_image_url': 'http://pbs.twimg.com/profile_images/829042623620997121/KsooCcWa_normal.jpg', 'profile_image_url_https': 'https://pbs.twimg.com/profile_images/829042623620997121/KsooCcWa_normal.jpg', 'profile_banner_url': 'https://pbs.twimg.com/profile_banners/15235829/1471888865', 'profile_link_color': '0084B4', 'profile_sidebar_border_color': 'C0DEED', 'profile_sidebar_fill_color': 'DDEEF6', 'profile_text_color': '333333', 'profile_use_background_image': False, 'has_extended_profile': False, 'default_profile': False, 'default_profile_image': False, 'following': False, 'follow_request_sent': False, 'notifications': False, 'translator_type': 'none'}",https://twitter.com/Health_Affairs/status/1090637252181573632,[],0.0
