,IMPAQ Category,Keyword,Title,Authors,Publication Date,Type,Tag,Link
0,BEHAVIORAL HEALTH,behavioral health,Evaluation Of The Behavioral Health Integration And Complex Care Initiative In Medi-Cal,"Todd P. Gilmer, Marc Avery, Elizabeth Siantz, Benjamin F. Henwood, Kimberly Center, Elise Pomerance, and Jennifer Sayles",September-2018,RESEARCH ARTICLE,BEHAVIORAL HEALTH CARE,https://www.healthaffairs.org/doi/10.1377/hlthaff.2018.0372
1,BEHAVIORAL HEALTH,behavioral health,Behavioral Health Information Technology: From Chaos To Clarity,"Piper A. Ranallo, Amy M. Kilbourne, Angela S. Whatley, and Harold Alan Pincus",June-2016,ANALYSIS & COMMENTARY,,https://www.healthaffairs.org/doi/10.1377/hlthaff.2016.0013
2,BEHAVIORAL HEALTH,behavioral health,Removing Obstacles To Eliminating Racial And Ethnic Disparities In Behavioral Health Care,"Margarita Alegría, Kiara Alvarez, Rachel Zack Ishikawa, Karissa DiMarzio, and Samantha McPeck",June-2016,RESEARCH ARTICLE,,https://www.healthaffairs.org/doi/10.1377/hlthaff.2016.0029
3,BEHAVIORAL HEALTH,substance abuse,Controlled Substance Lock-In Programs: Examining An Unintended Consequence Of A Prescription Drug Abuse Policy,"Andrew W. Roberts, Joel F. Farley, G. Mark Holmes, Christine U. Oramasionwu, Chris Ringwalt, Betsy Sleath, and Asheley C. Skinner",October-2016,RESEARCH ARTICLE,,https://www.healthaffairs.org/doi/10.1377/hlthaff.2016.0355
4,BEHAVIORAL HEALTH,substance abuse,The Looming Expansion And Transformation Of Public Substance Abuse Treatment Under The Affordable Care Act,Jeffrey A. Buck,August-2011,RESEARCH ARTICLE,,https://www.healthaffairs.org/doi/10.1377/hlthaff.2011.0480
5,BEHAVIORAL HEALTH,substance abuse,The Urgency Of Providing Comprehensive And Integrated Treatment For Substance Abusers With HIV,Nora D. Volkow and Julio Montaner,August-2011,ANALYSIS & COMMENTARY,,https://www.healthaffairs.org/doi/10.1377/hlthaff.2011.0663
6,BEHAVIORAL HEALTH,substance use,Medication Treatment For Opioid Use Disorders In Substance Use Treatment Facilities,"Ramin Mojtabai, Christine Mauro, Melanie M. Wall, Colleen L. Barry, and Mark Olfson",January-2019,RESEARCH ARTICLE,BEHAVIORAL HEALTH CARE,https://www.healthaffairs.org/doi/10.1377/hlthaff.2018.05162
7,BEHAVIORAL HEALTH,substance use,How Is Telemedicine Being Used In Opioid And Other Substance Use Disorder Treatment?,"Haiden A. Huskamp, Alisa B. Busch, Jeffrey Souza, Lori Uscher-Pines, Sherri Rose, Andrew Wilcock, Bruce E. Landon, and Ateev Mehrotra",December-2018,RESEARCH ARTICLE,TELEHEALTH,https://www.healthaffairs.org/doi/10.1377/hlthaff.2018.05134
8,BEHAVIORAL HEALTH,substance use,Impact Of Medicaid Expansion On Coverage And Treatment Of Low-Income Adults With Substance Use Disorders,"Mark Olfson, Melanie Wall, Colleen L. Barry, Christine Mauro, and Ramin Mojtabai",August-2018,RESEARCH ARTICLE,BEHAVIORAL HEALTH CARE,https://www.healthaffairs.org/doi/10.1377/hlthaff.2018.0124
9,BEHAVIORAL HEALTH,substance use,Survey Highlights Differences In Medicaid Coverage For Substance Use Treatment And Opioid Use Disorder Medications,"Colleen M. Grogan, Christina Andrews, Amanda Abraham, Keith Humphreys, Harold A. Pollack, Bikki Tran Smith, and Peter D. Friedmann",December-2016,RESEARCH ARTICLE,,https://www.healthaffairs.org/doi/10.1377/hlthaff.2016.0623
10,BEHAVIORAL HEALTH,substance use,Federal Parity Law Associated With Increased Probability Of Using Out-Of-Network Substance Use Disorder Treatment Services,"Emma E. McGinty, Susan H. Busch, Elizabeth A. Stuart, Haiden A. Huskamp, Teresa B. Gibson, Howard H. Goldman, and Colleen L. Barry",August-2015,RESEARCH ARTICLE,,https://www.healthaffairs.org/doi/10.1377/hlthaff.2014.1384
11,BEHAVIORAL HEALTH,substance use,A Promising Approach For Emergency Departments To Care For Patients With Substance Use And Behavioral Disorders,Steven L. Bernstein and Gail D’Onofrio,December-2013,RESEARCH ARTICLE,,https://www.healthaffairs.org/doi/10.1377/hlthaff.2013.0664
12,OPIOID TREATMENT,opioid treatment,News Media Reporting On Medication Treatment For Opioid Use Disorder Amid The Opioid Epidemic,"Alene Kennedy-Hendricks, Jonathan Levin, Elizabeth Stone, Emma E. McGinty, Sarah E. Gollust, and Colleen L. Barry",April-2019,RESEARCH ARTICLE,BEHAVIORAL HEALTH CARE,https://www.healthaffairs.org/doi/10.1377/hlthaff.2018.05075
13,OPIOID TREATMENT,opioid treatment,Medication Treatment For Opioid Use Disorders In Substance Use Treatment Facilities,"Ramin Mojtabai, Christine Mauro, Melanie M. Wall, Colleen L. Barry, and Mark Olfson",January-2019,RESEARCH ARTICLE,BEHAVIORAL HEALTH CARE,https://www.healthaffairs.org/doi/10.1377/hlthaff.2018.05162
14,OPIOID TREATMENT,opioid treatment,How Is Telemedicine Being Used In Opioid And Other Substance Use Disorder Treatment?,"Haiden A. Huskamp, Alisa B. Busch, Jeffrey Souza, Lori Uscher-Pines, Sherri Rose, Andrew Wilcock, Bruce E. Landon, and Ateev Mehrotra",December-2018,RESEARCH ARTICLE,TELEHEALTH,https://www.healthaffairs.org/doi/10.1377/hlthaff.2018.05134
15,OPIOID TREATMENT,opioid treatment,Only One In Twenty Justice-Referred Adults In Specialty Treatment For Opioid Use Receive Methadone Or Buprenorphine,"Noa Krawczyk, Caroline E. Picher, Kenneth A. Feder, and Brendan Saloner",December-2017,RESEARCH ARTICLE,BEHAVIORAL HEALTH CARE,https://www.healthaffairs.org/doi/10.1377/hlthaff.2017.0890
16,OPIOID TREATMENT,opioid treatment,Survey Highlights Differences In Medicaid Coverage For Substance Use Treatment And Opioid Use Disorder Medications,"Colleen M. Grogan, Christina Andrews, Amanda Abraham, Keith Humphreys, Harold A. Pollack, Bikki Tran Smith, and Peter D. Friedmann",December-2016,RESEARCH ARTICLE,,https://www.healthaffairs.org/doi/10.1377/hlthaff.2016.0623
17,OPIOID TREATMENT,opioid treatment,"Growth In Buprenorphine Waivers For Physicians Increased Potential Access To Opioid Agonist Treatment, 2002–11","Andrew W. Dick, Rosalie L. Pacula, Adam J. Gordon, Mark Sorbero, Rachel M. Burns, Douglas Leslie, and Bradley D. Stein",June-2015,RESEARCH ARTICLE,,https://www.healthaffairs.org/doi/10.1377/hlthaff.2014.1205
18,OPIOID TREATMENT,opioid treatment,The Evidence Doesn’t Justify Steps By State Medicaid Programs To Restrict Opioid Addiction Treatment With Buprenorphine,"Robin E. Clark, Mihail Samnaliev, Jeffrey D. Baxter, and Gary Y. Leung",August-2011,RESEARCH ARTICLE,,https://www.healthaffairs.org/doi/10.1377/hlthaff.2010.0532
19,OPIOID TREATMENT,opioid prescribing,Prescription Drug Monitoring Programs Are Associated With Sustained Reductions In Opioid Prescribing By Physicians,"Yuhua Bao, Yijun Pan, Aryn Taylor, Sharmini Radakrishnan, Feijun Luo, Harold Alan Pincus, and Bruce R. Schackman",June-2016,RESEARCH ARTICLE,,https://www.healthaffairs.org/doi/10.1377/hlthaff.2015.1673
20,OPIOID TREATMENT,opioids,A Health Plan’s Formulary Led To Reduced Use Of Extended-Release Opioids But Did Not Lower Overall Opioid Use,"Michael L. Barnett, Andrew R. Olenski, N. Marcus Thygeson, Denis Ishisaka, Salina Wong, Anupam B. Jena, and Ateev Mehrotra",September-2018,RESEARCH ARTICLE,PHARMACEUTICALS & MEDICAL TECHNOLOGY,https://www.healthaffairs.org/doi/10.1377/hlthaff.2018.0391
21,OPIOID TREATMENT,opioids,States With Prescription Drug Monitoring Mandates Saw A Reduction In Opioids Prescribed To Medicaid Enrollees,"Hefei Wen, Bruce R. Schackman, Brandon Aden, and Yuhua Bao",April-2017,RESEARCH ARTICLE,,https://www.healthaffairs.org/doi/10.1377/hlthaff.2016.1141
22,OPIOID TREATMENT,opioids,Mandatory Provider Review And Pain Clinic Laws Reduce The Amounts Of Opioids Prescribed And Overdose Death Rates,"Deborah Dowell, Kun Zhang, Rita K. Noonan, and Jason M. Hockenberry",October-2016,RESEARCH ARTICLE,,https://www.healthaffairs.org/doi/10.1377/hlthaff.2016.0448
23,OPIOID TREATMENT,opioid overdose,Group Health’s Initiative To Avert Opioid Misuse And Overdose Among Patients With Chronic Noncancer Pain,"Claire E. Trescott, Randi M. Beck, Michelle D. Seelig, and Michael R. Von Korff",August-2011,RESEARCH ARTICLE,,https://www.healthaffairs.org/doi/10.1377/hlthaff.2011.0759
24,COMPLEX MEDICAL/SOCIAL NEEDS,complex needs,Primary Care Physicians In Ten Countries Report Challenges Caring For Patients With Complex Health Needs,"Robin Osborn, Donald Moulds, Eric C. Schneider, Michelle M. Doty, David Squires, and Dana O. Sarnak",December-2015,RESEARCH ARTICLE,,https://www.healthaffairs.org/doi/10.1377/hlthaff.2015.1018
25,COMPLEX MEDICAL/SOCIAL NEEDS,high utilizers,Cross-Sector Service Use Among High Health Care Utilizers In Minnesota After Medicaid Expansion,"Katherine Diaz Vickery, Peter Bodurtha, Tyler N. A. Winkelman, Courtney Hougham, Ross Owen, Mark S. Legler, Erik Erickson, and Matthew M. Davis",January-2018,RESEARCH ARTICLE,CULTURE OF HEALTH,https://www.healthaffairs.org/doi/10.1377/hlthaff.2017.0991
26,COMPLEX MEDICAL/SOCIAL NEEDS,social determinants,Evaluating Strategies For Reducing Health Disparities By Addressing The Social Determinants Of Health,"Rachel L. J. Thornton, Crystal M. Glover, Crystal W. Cené, Deborah C. Glik, Jeffrey A. Henderson, and David R. Williams",August-2016,RESEARCH ARTICLE,,https://www.healthaffairs.org/doi/10.1377/hlthaff.2015.1357
27,COMPLEX MEDICAL/SOCIAL NEEDS,social determinants,Where Health Disparities Begin: The Role Of Social And Economic Determinants—And Why Current Policies May Make Matters Worse,Steven H. Woolf and Paula Braveman,October-2011,ANALYSIS & COMMENTARY,,https://www.healthaffairs.org/doi/10.1377/hlthaff.2011.0685
28,COMPLEX MEDICAL/SOCIAL NEEDS,social needs,Integrating Social Needs Into Health Care: A Twenty-Year Case Study Of Adaptation And Diffusion,"Rebecca D. Onie, Risa Lavizzo-Mourey, Thomas H. Lee, James S. Marks, and Rocco J. Perla",February-2018,RESEARCH ARTICLE,DIFFUSION OF INNOVATION,https://www.healthaffairs.org/doi/10.1377/hlthaff.2017.1113
29,COMPLEX MEDICAL/SOCIAL NEEDS,supportive housing,Formerly Homeless People Had Lower Overall Health Care Expenditures After Moving Into Supportive Housing,"Bill J. Wright, Keri B. Vartanian, Hsin-Fang Li, Natalie Royal, and Jennifer K. Matson",January-2016,RESEARCH ARTICLE,,https://www.healthaffairs.org/doi/10.1377/hlthaff.2015.0393
30,COMPLEX MEDICAL/SOCIAL NEEDS,support services,"Individual Placement And Support Services Boost Employment For People With Serious Mental Illnesses, But Funding Is Lacking","Robert E. Drake, Gary R. Bond, Howard H. Goldman, Michael F. Hogan, and Mustafa Karakus",June-2016,RESEARCH ARTICLE,,https://www.healthaffairs.org/doi/10.1377/hlthaff.2016.0001
31,COMPLEX MEDICAL/SOCIAL NEEDS,support services,Expectations About Future Use Of Long-Term Services And Supports Vary By Current Living Arrangement,Carrie E. Henning-Smith and Tetyana P. Shippee,January-2015,RESEARCH ARTICLE,AGING & HEALTH,https://www.healthaffairs.org/doi/10.1377/hlthaff.2014.0556
32,COMPLEX MEDICAL/SOCIAL NEEDS,support services,"Gradual Rebalancing Of Medicaid Long-Term Services And Supports Saves Money And Serves More People, Statistical Model Shows",H. Stephen Kaye,June-2012,RESEARCH ARTICLE,,https://www.healthaffairs.org/doi/10.1377/hlthaff.2011.1237
33,COMPLEX MEDICAL/SOCIAL NEEDS,emergency department use,Frequent Emergency Department Users: A Statewide Comparison Before And After Affordable Care Act Implementation,"Shannon McConville, Maria C. Raven, Sarah H. Sabbagh, and Renee Y. Hsia",June-2018,RESEARCH ARTICLE,AFFORDABLE CARE ACT,https://www.healthaffairs.org/doi/10.1377/hlthaff.2017.0784
34,COMPLEX MEDICAL/SOCIAL NEEDS,emergency department use,Innovative Population Health Model Associated With Reduced Emergency Department Use And Inpatient Hospitalizations,"Donald Wesson, Heather Kitzman, Kenneth H. Halloran, and Kristen Tecson",April-2018,RESEARCH ARTICLE,CULTURE OF HEALTH,https://www.healthaffairs.org/doi/10.1377/hlthaff.2017.1099
35,COMPLEX MEDICAL/SOCIAL NEEDS,emergency department use,Persistent Frequent Emergency Department Use: Core Group Exhibits Extreme Levels Of Use For More Than A Decade,"Hemal K. Kanzaria, Matthew J. Niedzwiecki, Juan Carlos Montoy, Maria C. Raven, and Renee Y. Hsia",October-2017,RESEARCH ARTICLE,HOSPITALS,https://www.healthaffairs.org/doi/10.1377/hlthaff.2017.0658
36,COMPLEX MEDICAL/SOCIAL NEEDS,emergency department use,"After Medicaid Expansion In Kentucky, Use Of Hospital Emergency Departments For Dental Conditions Increased","Natalia Chalmers, Jane Grover, and Rob Compton",December-2016,RESEARCH ARTICLE,,https://www.healthaffairs.org/doi/10.1377/hlthaff.2016.0976
37,COMPLEX MEDICAL/SOCIAL NEEDS,emergency department use,Federally Qualified Health Center Use Among Dual Eligibles: Rates Of Hospitalizations And Emergency Department Visits,"Brad Wright, Andrew J. Potter, and Amal Trivedi",July-2015,RESEARCH ARTICLE,AGING & HEALTH,https://www.healthaffairs.org/doi/10.1377/hlthaff.2014.0823
38,COMPLEX MEDICAL/SOCIAL NEEDS,emergency department use,"In California, Primary Care Continuity Was Associated With Reduced Emergency Department Use And Fewer Hospitalizations","Nadereh Pourat, Anna C. Davis, Xiao Chen, Shelley Vrungos, and Gerald F. Kominski",July-2015,RESEARCH ARTICLE,,https://www.healthaffairs.org/doi/10.1377/hlthaff.2014.1165
39,COMPLEX MEDICAL/SOCIAL NEEDS,emergency department use,The Affordable Care Act Reduces Emergency Department Use By Young Adults: Evidence From Three States,"Tina Hernandez-Boussard, Carson S. Burns, N. Ewen Wang, Laurence C. Baker, and Benjamin A. Goldstein",September-2014,RESEARCH ARTICLE,,https://www.healthaffairs.org/doi/10.1377/hlthaff.2014.0103
40,COMPLEX MEDICAL/SOCIAL NEEDS,emergency department use,Dispelling An Urban Legend: Frequent Emergency Department Users Have Substantial Burden Of Disease,John Billings and Maria C. Raven,December-2013,RESEARCH ARTICLE,,https://www.healthaffairs.org/doi/10.1377/hlthaff.2012.1276
41,COMPLEX MEDICAL/SOCIAL NEEDS,emergency department use,Health Information Exchange Improves Identification Of Frequent Emergency Department Users,"Jason S. Shapiro, Sarah A. Johnson, John Angiollilo, William Fleischman, Arit Onyile, and Gilad Kuperman",December-2013,RESEARCH ARTICLE,,https://www.healthaffairs.org/doi/10.1377/hlthaff.2013.0167
42,COMPLEX MEDICAL/SOCIAL NEEDS,emergency department use,A Promising Approach For Emergency Departments To Care For Patients With Substance Use And Behavioral Disorders,Steven L. Bernstein and Gail D’Onofrio,December-2013,RESEARCH ARTICLE,,https://www.healthaffairs.org/doi/10.1377/hlthaff.2013.0664
43,COMPLEX MEDICAL/SOCIAL NEEDS,health equity,"How Community Organizing Promotes Health Equity, And How Health Equity Affects Organizing","Manuel Pastor, Veronica Terriquez, and May Lin",March-2018,RESEARCH ARTICLE,HEALTH EQUITY,https://www.healthaffairs.org/doi/10.1377/hlthaff.2017.1285
44,COMPLEX MEDICAL/SOCIAL NEEDS,health equity,Examining Whether The Health-In-All-Policies Approach Promotes Health Equity,Richard L. Hall and Peter D. Jacobson,March-2018,RESEARCH ARTICLE,HEALTH EQUITY,https://www.healthaffairs.org/doi/10.1377/hlthaff.2017.1292
45,COMPLEX MEDICAL/SOCIAL NEEDS,health equity,Health Departments With A Commitment To Health Equity: A More Skilled Workforce And Higher-Quality Collaborations,"Karishma S. Furtado, Carol Brownson, Zarina Fershteyn, Marti Macchi, Amy Eyler, Cheryl Valko, and Ross C. Brownson",January-2018,RESEARCH ARTICLE,CULTURE OF HEALTH,https://www.healthaffairs.org/doi/10.1377/hlthaff.2017.1173
46,COMPLEX MEDICAL/SOCIAL NEEDS,health equity,Challenges To Reducing Discrimination And Health Inequity Through Existing Civil Rights Laws,"Amitabh Chandra, Michael Frakes, and Anup Malani",June-2017,ANALYSIS & COMMENTARY,,https://www.healthaffairs.org/doi/10.1377/hlthaff.2016.1091
47,COMPLEX MEDICAL/SOCIAL NEEDS,health equity,Identifying Policy Levers And Opportunities For Action Across States To Achieve Health Equity,"Julia Berenson, Yan Li, Julia Lynch, and José A. Pagán",June-2017,RESEARCH ARTICLE,,https://www.healthaffairs.org/doi/10.1377/hlthaff.2017.0004
48,COMPLEX MEDICAL/SOCIAL NEEDS,health equity,Organizational Change Management For Health Equity: Perspectives From The Disparities Leadership Program,"Joseph R. Betancourt, Aswita Tan-McGrory, Karey S. Kenst, Thuy Hoai Phan, and Lenny Lopez",June-2017,ANALYSIS & COMMENTARY,,https://www.healthaffairs.org/doi/10.1377/hlthaff.2017.0022
49,COMPLEX MEDICAL/SOCIAL NEEDS,health equity,Promoting Health Equity And Population Health: How Americans’ Views Differ,"Larry Bye, Alyssa Ghirardelli, and Angela Fontes",November-2016,RESEARCH ARTICLE,CULTURE OF HEALTH,https://www.healthaffairs.org/doi/10.1377/hlthaff.2016.0730
50,COMPLEX MEDICAL/SOCIAL NEEDS,health equity,"Achieving Health Equity: Closing The Gaps In Health Care Disparities, Interventions, And Research","Tanjala S. Purnell, Elizabeth A. Calhoun, Sherita H. Golden, Jacqueline R. Halladay, Jessica L. Krok-Schoen, Bradley M. Appelhans, and Lisa A. Cooper",August-2016,RESEARCH ARTICLE,,https://www.healthaffairs.org/doi/10.1377/hlthaff.2016.0158
51,COMPLEX MEDICAL/SOCIAL NEEDS,health equity,High-Quality Health Care: The Essential Route To Eliminating Disparities And Achieving Health Equity,Anne C. Beal,October-2011,RESEARCH ARTICLE,,https://www.healthaffairs.org/doi/10.1377/hlthaff.2011.0976
52,COMPLEX MEDICAL/SOCIAL NEEDS,dual eligible,Passive Enrollment Of Dual-Eligible Beneficiaries Into Medicare And Medicaid Managed Care Has Not Met Expectations,"David C. Grabowski, Nina R. Joyce, Thomas G. McGuire, and Richard G. Frank",May-2017,RESEARCH ARTICLE,,https://www.healthaffairs.org/doi/10.1377/hlthaff.2016.1082
53,COMPLEX MEDICAL/SOCIAL NEEDS,dual eligible,Dx For A Careful Approach To Moving Dual-Eligible Beneficiaries Into Managed Care Plans,"Patricia Neuman, Barbara Lyons, Jennifer Rentas, and Diane Rowland",June-2012,ANALYSIS & COMMENTARY,,https://www.healthaffairs.org/doi/10.1377/hlthaff.2012.0160
54,COMPLEX MEDICAL/SOCIAL NEEDS,case management,What Works In Chronic Care Management: The Case Of Heart Failure,"Julie Sochalski, Tiny Jaarsma, Harlan M. Krumholz, Ann Laramee, John J.V. McMurray, Mary D. Naylor, Michael W. Rich, Barbara Riegel, and Simon Stewart",January-2009,RESEARCH ARTICLE,,https://www.healthaffairs.org/doi/10.1377/hlthaff.28.1.179
55,CHRONIC CONDITIONS,chronic conditions,Behavioral And Other Chronic Conditions Among Adult Medicaid Enrollees: Implications For Work Requirements,"Hefei Wen, Brendan Saloner, and Janet R. Cummings",April-2019,RESEARCH ARTICLE,MEDICAID,https://www.healthaffairs.org/doi/10.1377/hlthaff.2018.05059
56,CHRONIC CONDITIONS,chronic conditions,Accumulation Of Chronic Conditions At The Time Of Death Increased In Ontario From 1994 To 2013,"Laura Rosella, Kathy Kornas, Anjie Huang, Catherine Bornbaum, David Henry, and Walter P. Wodchis",March-2018,RESEARCH ARTICLE,GLOBAL HEALTH POLICY,https://www.healthaffairs.org/doi/10.1377/hlthaff.2017.1150
57,CHRONIC CONDITIONS,chronic conditions,"Chronic Conditions, Workplace Safety, And Job Demands Contribute To Absenteeism And Job Performance","Kimberly Jinnett, Natalie Schwatka, Liliana Tenney, Claire v. S. Brockbank, and Lee S. Newman",February-2017,RESEARCH ARTICLE,,https://www.healthaffairs.org/doi/10.1377/hlthaff.2016.1151
58,CHRONIC CONDITIONS,chronic conditions,Care Management Processes Used Less Often For Depression Than For Other Chronic Conditions In US Primary Care Practices,"Tara F. Bishop, Patricia P. Ramsay, Lawrence P. Casalino, Yuhua Bao, Harold A. Pincus, and Stephen M. Shortell",March-2016,RESEARCH ARTICLE,,https://www.healthaffairs.org/doi/10.1377/hlthaff.2015.1068
59,CHRONIC CONDITIONS,chronic conditions,Living In A Country With A Strong Primary Care System Is Beneficial To People With Chronic Conditions,"Johan Hansen, Peter P. Groenewegen, Wienke G. W. Boerma, and Dionne S. Kringos",September-2015,RESEARCH ARTICLE,,https://www.healthaffairs.org/doi/10.1377/hlthaff.2015.0582
60,CHRONIC CONDITIONS,chronic conditions,A Comparison Of How Four Countries Use Health IT To Support Care For People With Chronic Conditions,"Julia Adler-Milstein, Nandini Sarma, Liana R. Woskie, and Ashish K. Jha",September-2014,RESEARCH ARTICLE,,https://www.healthaffairs.org/doi/10.1377/hlthaff.2014.0424
61,CHRONIC CONDITIONS,chronic conditions,Transitional Care Cut Hospital Readmissions For North Carolina Medicaid Patients With Complex Chronic Conditions,"Carlos T. Jackson, Troy K. Trygstad, Darren A. DeWalt, and C. Annette DuBard",August-2013,RESEARCH ARTICLE,,https://www.healthaffairs.org/doi/10.1377/hlthaff.2013.0047
62,CHRONIC CONDITIONS,chronic conditions,Use Of Medical Care For Chronic Conditions,"Sandra L. Decker, Susan M. Schappert, and Jane E. Sisk",January-2009,RESEARCH ARTICLE,,https://www.healthaffairs.org/doi/10.1377/hlthaff.28.1.26
63,CHRONIC CONDITIONS,long-term care,Future Demand For Long-Term Care Workers Will Be Influenced By Demographic And Utilization Changes,"Joanne Spetz, Laura Trupin, Timothy Bates, and Janet M. Coffman",June-2015,RESEARCH ARTICLE,AGING & HEALTH,https://www.healthaffairs.org/doi/10.1377/hlthaff.2015.0005
64,CHRONIC CONDITIONS,long-term care,Medicare And Medicaid In Long-Term Care,"Terence Ng, Charlene Harrington, and Martin Kitchener",January-2010,RESEARCH ARTICLE,,https://www.healthaffairs.org/doi/10.1377/hlthaff.2009.0494
65,CHRONIC CONDITIONS,long-term care,The Accumulated Challenges Of Long-Term Care,David Barton Smith and Zhanlian Feng,January-2010,RESEARCH ARTICLE,,https://www.healthaffairs.org/doi/10.1377/hlthaff.2009.0507
66,CHRONIC CONDITIONS,long-term care,"Bridging Troubled Waters: Family Caregivers, Transitions, And Long-Term Care","Carol Levine, Deborah Halper, Ariella Peist, and David A. Gould",January-2010,RESEARCH ARTICLE,,https://www.healthaffairs.org/doi/10.1377/hlthaff.2009.0520
67,CHRONIC CONDITIONS,long-term care,New State Strategies To Meet Long-Term Care Needs,"Pamela Doty, Kevin J. Mahoney, and Mark Sciegaj",January-2010,RESEARCH ARTICLE,,https://www.healthaffairs.org/doi/10.1377/hlthaff.2009.0521
68,CHRONIC CONDITIONS,long-term care,"Long-Term Care: Who Gets It, Who Provides It, Who Pays, And How Much?","H. Stephen Kaye, Charlene Harrington, and Mitchell P. LaPlante",January-2010,RESEARCH ARTICLE,,https://www.healthaffairs.org/doi/10.1377/hlthaff.2009.0535
69,CHRONIC CONDITIONS,long-term care,Improving The Long-Term Care Workforce Serving Older Adults,Robyn Stone and Mary F. Harahan,January-2010,RESEARCH ARTICLE,,https://www.healthaffairs.org/doi/10.1377/hlthaff.2009.0554
70,CHRONIC CONDITIONS,long-term care,Applying Market-Based Reforms To Long-Term Care,R. Tamara Konetzka and Rachel M. Werner,January-2010,RESEARCH ARTICLE,,https://www.healthaffairs.org/doi/10.1377/hlthaff.2009.0559
71,CHRONIC CONDITIONS,long-term care,The Complementarity Of Public And Private Long-Term Care Coverage,"David G. Stevenson, Marc A. Cohen, Eileen J. Tell, and Brian Burwell",January-2010,RESEARCH ARTICLE,,https://www.healthaffairs.org/doi/10.1377/hlthaff.2009.0920
72,CHRONIC CONDITIONS,cardiovascular disease,"Workplace Programs, Policies, And Environmental Supports To Prevent Cardiovascular Disease","Ron Z. Goetzel, Rachel Mosher Henke, Michael A. Head, Richele Benevent, and Chris Calitz",February-2017,RESEARCH ARTICLE,,https://www.healthaffairs.org/doi/10.1377/hlthaff.2016.1273
73,CHRONIC CONDITIONS,hypertension,"Social, Psychological, And Physical Aspects Of The Work Environment Could Contribute To Hypertension Prevalence","David H. Rehkopf, Sepideh Modrek, Linda F. Cantley, and Mark R. Cullen",February-2017,RESEARCH ARTICLE,,https://www.healthaffairs.org/doi/10.1377/hlthaff.2016.1186
74,CHRONIC CONDITIONS,hypertension,"How Cumulative Risks Warrant A Shift In Our Approach To Racial Health Disparities: The Case Of Lead, Stress, And Hypertension","Margaret Hicken, Richard Gragg, and Howard Hu",October-2011,ANALYSIS & COMMENTARY,,https://www.healthaffairs.org/doi/10.1377/hlthaff.2010.1241
75,PATIENT SAFETY AND ADVERSE EVENTS,patient safety,The Architecture Of Safety: An Emerging Priority For Improving Patient Safety,"Anjali Joseph, Kerm Henriksen, and Eileen Malone",November-2018,REVIEW ARTICLE,QUALITY OF CARE,https://www.healthaffairs.org/doi/10.1377/hlthaff.2018.0643
76,PATIENT SAFETY AND ADVERSE EVENTS,patient safety,Learning From Patients’ Experiences Related To Diagnostic Errors Is Essential For Progress In Patient Safety,"Traber Davis Giardina, Helen Haskell, Shailaja Menon, Julia Hallisy, Frederick S. Southwick, Urmimala Sarkar, Kathryn E. Royse, and Hardeep Singh",November-2018,ANALYSIS,QUALITY OF CARE,https://www.healthaffairs.org/doi/10.1377/hlthaff.2018.0698
77,PATIENT SAFETY AND ADVERSE EVENTS,patient safety,Nurses’ And Patients’ Appraisals Show Patient Safety In Hospitals Remains A Concern,"Linda H. Aiken, Douglas M. Sloane, Hilary Barnes, Jeannie P. Cimiotti, Olga F. Jarrín, and Matthew D. McHugh",November-2018,RESEARCH ARTICLE,QUALITY OF CARE,https://www.healthaffairs.org/doi/10.1377/hlthaff.2018.0711
78,PATIENT SAFETY AND ADVERSE EVENTS,patient safety,Patient Engagement In Health Care Safety: An Overview Of Mixed-Quality Evidence,"Anjana E. Sharma, Natalie A. Rivadeneira, Jill Barr-Walker, Rachel J. Stern, Amanda K. Johnson, and Urmimala Sarkar",November-2018,RESEARCH ARTICLE,QUALITY OF CARE,https://www.healthaffairs.org/doi/10.1377/hlthaff.2018.0716
79,PATIENT SAFETY AND ADVERSE EVENTS,patient safety,Patient Safety In Inpatient Psychiatry: A Remaining Frontier For Health Policy,"Morgan C. Shields, Maureen T. Stewart, and Kathleen R. Delaney",November-2018,ANALYSIS,QUALITY OF CARE,https://www.healthaffairs.org/doi/10.1377/hlthaff.2018.0718
80,PATIENT SAFETY AND ADVERSE EVENTS,patient safety,Does Nursing Home Compare Reflect Patient Safety In Nursing Homes?,"Daniel Brauner, Rachel M. Werner, Tetyana P. Shippee, John Cursio, Hari Sharma, and R. Tamara Konetzka",November-2018,RESEARCH ARTICLE,AGING & HEALTH,https://www.healthaffairs.org/doi/10.1377/hlthaff.2018.0721
81,PATIENT SAFETY AND ADVERSE EVENTS,patient safety,An Electronic Health Record–Based Real-Time Analytics Program For Patient Safety Surveillance And Improvement,"David Classen, Michael Li, Suzanne Miller, and Drew Ladner",November-2018,RESEARCH ARTICLE,QUALITY OF CARE,https://www.healthaffairs.org/doi/10.1377/hlthaff.2018.0728
82,PATIENT SAFETY AND ADVERSE EVENTS,patient safety,"Greatest Impact Of Safe Harbor Rule May Be To Improve Patient Safety, Not Reduce Liability Claims Paid By Physicians","Allen Kachalia, Alison Little, Melissa Isavoran, Lynn-Marie Crider, and Jeanene Smith",January-2014,RESEARCH ARTICLE,,https://www.healthaffairs.org/doi/10.1377/hlthaff.2013.0834
83,PATIENT SAFETY AND ADVERSE EVENTS,patient safety,High-Profile Investigations Into Hospital Safety Problems In England Did Not Prompt Patients To Switch Providers,"Anthony A. Laverty, Peter C. Smith, Utz J. Pape, Alex Mears, Robert M. Wachter, and Christopher Millett",March-2012,RESEARCH ARTICLE,,https://www.healthaffairs.org/doi/10.1377/hlthaff.2011.0810
84,PATIENT SAFETY AND ADVERSE EVENTS,patient safety,Health Reform Holds Both Risks And Rewards For Safety-Net Providers And Racially And Ethnically Diverse Patients,Dennis P. Andrulis and Nadia J. Siddiqui,October-2011,ANALYSIS & COMMENTARY,,https://www.healthaffairs.org/doi/10.1377/hlthaff.2011.0661
85,PATIENT SAFETY AND ADVERSE EVENTS,patient safety,Legacy Health’s ‘Big Aims’ Initiative To Improve Patient Safety Reduced Rates Of Infection And Mortality Among Patients,"Jodi S. Joyce, George A. Cioffi, Jessica G. Petriwsky, and Jennifer S. Robinson",April-2011,RESEARCH ARTICLE,,https://www.healthaffairs.org/doi/10.1377/hlthaff.2011.0024
86,PATIENT SAFETY AND ADVERSE EVENTS,patient safety,A Broad And Structured Approach To Improving Patient Safety And Quality: Lessons From Denver Health,Patricia A. Gabow and Philip S. Mehler,April-2011,RESEARCH ARTICLE,,https://www.healthaffairs.org/doi/10.1377/hlthaff.2011.0042
87,PATIENT SAFETY AND ADVERSE EVENTS,patient safety,Changing The Culture In Medical Education To Teach Patient Safety,Darrell G. Kirch and Philip G. Boysen,September-2010,RESEARCH ARTICLE,,https://www.healthaffairs.org/doi/10.1377/hlthaff.2010.0776
88,PATIENT SAFETY AND ADVERSE EVENTS,patient safety,"Patient Safety At Ten: Unmistakable Progress, Troubling Gaps",Robert M. Wachter,January-2010,RESEARCH ARTICLE,,https://www.healthaffairs.org/doi/10.1377/hlthaff.2009.0785
89,PATIENT SAFETY AND ADVERSE EVENTS,adverse events,"Despite 2007 Law Requiring FDA Hotline To Be Included In Print Drug Ads, Reporting Of Adverse Events By Consumers Still Low","Dongyi “Tony” Du, John Goldsmith, Kathryn J. Aikin, William E. Encinosa, and Clark Nardinelli",May-2012,RESEARCH ARTICLE,,https://www.healthaffairs.org/doi/10.1377/hlthaff.2010.1004
90,PATIENT SAFETY AND ADVERSE EVENTS,hospital acquired,"Hospital Pay-For-Performance Programs In Maryland Produced Strong Results, Including Reduced Hospital-Acquired Conditions","Sule Calikoglu, Robert Murray, and Dianne Feeney",December-2012,RESEARCH ARTICLE,,https://www.healthaffairs.org/doi/10.1377/hlthaff.2012.0357
91,PATIENT SAFETY AND ADVERSE EVENTS,hospital acquired,Mandatory Public Reporting Of Hospital-Acquired Infection Rates: A Report From California,"Helen A. Halpin, Arnold Milstein, Stephen M. Shortell, Megan Vanneman, and Jon Rosenberg",April-2011,RESEARCH ARTICLE,,https://www.healthaffairs.org/doi/10.1377/hlthaff.2009.0990
92,PATIENT SAFETY AND ADVERSE EVENTS,drug safety,Efficacy And Safety Concerns Are Important Reasons Why The FDA Requires Multiple Reviews Before Approval Of New Drugs,"Joseph S. Ross, Kristina Dzara, and Nicholas S. Downing",April-2015,RESEARCH ARTICLE,,https://www.healthaffairs.org/doi/10.1377/hlthaff.2014.1160
93,PATIENT SAFETY AND ADVERSE EVENTS,adherence,Medication Synchronization Programs Improve Adherence To Cardiovascular Medications And Health Care Use,"Alexis A. Krumme, Robert J. Glynn, Sebastian Schneeweiss, Joshua J. Gagne, J. Samantha Dougherty, Gregory Brill, and Niteesh K. Choudhry",January-2018,RESEARCH ARTICLE,PHARMACEUTICALS & MEDICAL TECHNOLOGY,https://www.healthaffairs.org/doi/10.1377/hlthaff.2017.0881
94,PATIENT SAFETY AND ADVERSE EVENTS,adherence,The Large Social Value Resulting From Use Of Statins Warrants Steps To Improve Adherence And Broaden Treatment,"David C. Grabowski, Darius N. Lakdawalla, Dana P. Goldman, Michael Eber, Larry Z. Liu, Tamer Abdelgawad, Andreas Kuznik, Michael E. Chernew, and Tomas Philipson",October-2012,RESEARCH ARTICLE,,https://www.healthaffairs.org/doi/10.1377/hlthaff.2011.1120
95,PATIENT SAFETY AND ADVERSE EVENTS,adherence,"Michigan Oncology Practices Showed Varying Adherence Rates To Practice Guidelines, But Quality Interventions Improved Care","Douglas W. Blayney, Jane Severson, C. Jane Martin, Pamela Kadlubek, Thomas Ruane, and Kimberley Harrison",April-2012,RESEARCH ARTICLE,,https://www.healthaffairs.org/doi/10.1377/hlthaff.2011.1295
96,PATIENT SAFETY AND ADVERSE EVENTS,adherence,An Integrated Pharmacy-Based Program Improved Medication Prescription And Adherence Rates In Diabetes Patients,"Troyen A. Brennan, Timothy J. Dollear, Min Hu, Olga S. Matlin, William H. Shrank, Niteesh K. Choudhry, and William Grambley",January-2012,RESEARCH ARTICLE,,https://www.healthaffairs.org/doi/10.1377/hlthaff.2011.0931
97,PATIENT SAFETY AND ADVERSE EVENTS,medication management,Eligibility For And Enrollment In Medicare Part D Medication Therapy Management Programs Varies By Plan Sponsor,"Bruce Stuart, Franklin B. Hendrick, Xian Shen, Mingliang Dai, Sarah E. Tom, J. Samantha Dougherty, and Laura M. Miller",September-2016,RESEARCH ARTICLE,,https://www.healthaffairs.org/doi/10.1377/hlthaff.2016.0258
98,PATIENT SAFETY AND ADVERSE EVENTS,medication management,In Connecticut: Improving Patient Medication Management In Primary Care,"Marie Smith, Margherita R. Giuliano, and Michael P. Starkowski",April-2011,RESEARCH ARTICLE,,https://www.healthaffairs.org/doi/10.1377/hlthaff.2011.0002
99,READMISSIONS,readmissions,Decreases In Readmissions Credited To Medicare’s Program To Reduce Hospital Readmissions Have Been Overstated,"Christopher Ody, Lucy Msall, Leemore S. Dafny, David C. Grabowski, and David M. Cutler",January-2019,RESEARCH ARTICLE,HOSPITALS,https://www.healthaffairs.org/doi/10.1377/hlthaff.2018.05178
100,READMISSIONS,readmissions,The Effect Of The Hospital Readmissions Reduction Program On Readmission And Observation Stay Rates For Heart Failure,"Jordan Albritton, Thomas W. Belnap, and Lucy A. Savitz",October-2018,RESEARCH ARTICLE,HOSPITALS,https://www.healthaffairs.org/doi/10.1377/hlthaff.2018.0064
101,READMISSIONS,readmissions,Reducing Hospital Readmissions Through Preferred Networks Of Skilled Nursing Facilities,"John P. McHugh, Andrew Foster, Vincent Mor, Renée R. Shield, Amal N. Trivedi, Terrie Wetle, Jacqueline S. Zinn, and Denise A. Tyler",September-2017,RESEARCH ARTICLE,,https://www.healthaffairs.org/doi/10.1377/hlthaff.2017.0211
102,READMISSIONS,readmissions,"Most Hospitals Received Annual Penalties For Excess Readmissions, But Some Fared Better Than Others","Michael P. Thompson, Teresa M. Waters, Cameron M. Kaplan, Yu Cao, and Gloria J. Bazzoli",May-2017,RESEARCH ARTICLE,,https://www.healthaffairs.org/doi/10.1377/hlthaff.2016.1204
103,READMISSIONS,readmissions,Rethinking Thirty-Day Hospital Readmissions: Shorter Intervals Might Be Better Indicators Of Quality Of Care,"David L. Chin, Heejung Bang, Raj N. Manickam, and Patrick S. Romano",October-2016,RESEARCH ARTICLE,,https://www.healthaffairs.org/doi/10.1377/hlthaff.2016.0205
104,READMISSIONS,readmissions,"Readmissions To New York Hospitals Fell For Three Target Conditions From 2008 To 2012, Consistent With Medicare Goals",Kathleen Carey and Meng-Yun Lin,June-2015,RESEARCH ARTICLE,,https://www.healthaffairs.org/doi/10.1377/hlthaff.2014.1408
105,READMISSIONS,readmissions,Socioeconomic Status And Readmissions: Evidence From An Urban Teaching Hospital,"Jianhui Hu, Meredith D. Gonsahn, and David R. Nerenz",May-2014,RESEARCH ARTICLE,,https://www.healthaffairs.org/doi/10.1377/hlthaff.2013.0816
106,READMISSIONS,readmissions,Adding Socioeconomic Data To Hospital Readmissions Calculations May Produce More Useful Results,"Elna M. Nagasako, Mat Reidhead, Brian Waterman, and W. Claiborne Dunagan",May-2014,RESEARCH ARTICLE,,https://www.healthaffairs.org/doi/10.1377/hlthaff.2013.1148
107,READMISSIONS,readmissions,Hospitals With Higher Nurse Staffing Had Lower Odds Of Readmissions Penalties Than Hospitals With Lower Staffing,"Matthew D. McHugh, Julie Berez, and Dylan S. Small",October-2013,RESEARCH ARTICLE,,https://www.healthaffairs.org/doi/10.1377/hlthaff.2013.0613
108,READMISSIONS,readmissions,Transitional Care Cut Hospital Readmissions For North Carolina Medicaid Patients With Complex Chronic Conditions,"Carlos T. Jackson, Troy K. Trygstad, Darren A. DeWalt, and C. Annette DuBard",August-2013,RESEARCH ARTICLE,,https://www.healthaffairs.org/doi/10.1377/hlthaff.2013.0047
109,READMISSIONS,readmissions,An Early Look At A Four-State Initiative To Reduce Avoidable Hospital Readmissions,"Amy E. Boutwell, Marian Bihrle Johnson, Patricia Rutherford, Sam R. Watson, Nancy Vecchioni, Bruce S. Auerbach, Paula Griswold, Patricia Noga, and Carol Wagner",July-2011,RESEARCH ARTICLE,,https://www.healthaffairs.org/doi/10.1377/hlthaff.2011.0111
110,READMISSIONS,hospitalizations,Nursing Facilities Can Reduce Avoidable Hospitalizations Without Increasing Mortality Risk For Residents,"Zhanlian Feng, Melvin J. Ingber, Micah Segelman, Nan Tracy Zheng, Joyce M. Wang, Alison Vadnais, Nicole M. Coomer, and Galina Khatutsky",October-2018,RESEARCH ARTICLE,NURSING HOMES,https://www.healthaffairs.org/doi/10.1377/hlthaff.2018.0379
111,READMISSIONS,hospitalizations,Innovative Population Health Model Associated With Reduced Emergency Department Use And Inpatient Hospitalizations,"Donald Wesson, Heather Kitzman, Kenneth H. Halloran, and Kristen Tecson",April-2018,RESEARCH ARTICLE,CULTURE OF HEALTH,https://www.healthaffairs.org/doi/10.1377/hlthaff.2017.1099
112,READMISSIONS,hospitalizations,Association Of A Regional Health Improvement Collaborative With Ambulatory Care–Sensitive Hospitalizations,"Joseph Tanenbaum, Randall D. Cebul, Mark Votruba, and Douglas Einstadter",February-2018,RESEARCH ARTICLE,DIFFUSION OF INNOVATION,https://www.healthaffairs.org/doi/10.1377/hlthaff.2017.1209
113,READMISSIONS,hospitalizations,"Mortality Quadrupled Among Opioid-Driven Hospitalizations, Notably Within Lower-Income And Disabled White Populations",Zirui Song,December-2017,RESEARCH ARTICLE,BEHAVIORAL HEALTH CARE,https://www.healthaffairs.org/doi/10.1377/hlthaff.2017.0689
114,READMISSIONS,hospitalizations,Initiative To Reduce Avoidable Hospitalizations Among Nursing Facility Residents Shows Promising Results,"Melvin J. Ingber, Zhanlian Feng, Galina Khatutsky, Joyce M. Wang, Lawren E. Bercaw, Nan Tracy Zheng, Alison Vadnais, Nicole M. Coomer, and Micah Segelman",March-2017,RESEARCH ARTICLE,AGING & HEALTH,https://www.healthaffairs.org/doi/10.1377/hlthaff.2016.1310
115,READMISSIONS,hospitalizations,"Hospitalizations Related To Opioid Abuse/Dependence And Associated Serious Infections Increased Sharply, 2002–12",Matthew V. Ronan and Shoshana J. Herzig,May-2016,RESEARCH ARTICLE,,https://www.healthaffairs.org/doi/10.1377/hlthaff.2015.1424
116,READMISSIONS,hospitalizations,Federally Qualified Health Center Use Among Dual Eligibles: Rates Of Hospitalizations And Emergency Department Visits,"Brad Wright, Andrew J. Potter, and Amal Trivedi",July-2015,RESEARCH ARTICLE,AGING & HEALTH,https://www.healthaffairs.org/doi/10.1377/hlthaff.2014.0823
117,READMISSIONS,hospitalizations,"In California, Primary Care Continuity Was Associated With Reduced Emergency Department Use And Fewer Hospitalizations","Nadereh Pourat, Anna C. Davis, Xiao Chen, Shelley Vrungos, and Gerald F. Kominski",July-2015,RESEARCH ARTICLE,,https://www.healthaffairs.org/doi/10.1377/hlthaff.2014.1165
118,READMISSIONS,hospitalizations,Smoking Bans Linked To Lower Hospitalizations For Heart Attacks And Lung Disease Among Medicare Beneficiaries,"Mark W. Vander Weg, Gary E. Rosenthal, and Mary Vaughan Sarrazin",December-2012,RESEARCH ARTICLE,,https://www.healthaffairs.org/doi/10.1377/hlthaff.2011.0385
119,HOME HEALTH,home health,"Regional Variations: The Use Of Hospitals, Home Health, And Skilled Nursing In Traditional Medicare And Medicare Advantage","Qijuan Li, Momotazur Rahman, Pedro Gozalo, Laura M. Keohane, Marsha R. Gold, and Amal N. Trivedi",August-2018,RESEARCH ARTICLE,MEDICARE,https://www.healthaffairs.org/doi/10.1377/hlthaff.2018.0147
120,HOME HEALTH,home health,Racial And Ethnic Disparities Persist At Veterans Health Administration Patient-Centered Medical Homes,"Donna L. Washington, W. Neil Steers, Alexis K. Huynh, Susan M. Frayne, Uchenna S. Uchendu, Deborah Riopelle, Elizabeth M. Yano, Fay S. Saechao, and Katherine J. Hoggatt",June-2017,RESEARCH ARTICLE,,https://www.healthaffairs.org/doi/10.1377/hlthaff.2017.0029
121,HOME HEALTH,home health,Reduced Acute Inpatient Care Was Largest Savings Component Of Geisinger Health System’s Patient-Centered Medical Home,"Daniel D. Maeng, Nazmul Khan, Janet Tomcavage, Thomas R. Graf, Duane E. Davis, and Glenn D. Steele",April-2015,RESEARCH ARTICLE,AGING & HEALTH,https://www.healthaffairs.org/doi/10.1377/hlthaff.2014.0855
122,HOME HEALTH,home health,"Patient-Centered Medical Home Initiative Produced Modest Economic Results For Veterans Health Administration, 2010–12","Paul L. Hebert, Chuan-Fen Liu, Edwin S. Wong, Susan E. Hernandez, Adam Batten, Sophie Lo, Jaclyn M. Lemon, Douglas A. Conrad, David Grembowski, Karin Nelson, and Stephan D. Fihn",June-2014,RESEARCH ARTICLE,,https://www.healthaffairs.org/doi/10.1377/hlthaff.2013.0893
123,HOME HEALTH,home health,Nurse-Managed Health Centers And Patient-Centered Medical Homes Could Mitigate Expected Primary Care Physician Shortage,"David I. Auerbach, Peggy G. Chen, Mark W. Friedberg, Rachel Reid, Christopher Lau, Peter I. Buerhaus, and Ateev Mehrotra",November-2013,RESEARCH ARTICLE,,https://www.healthaffairs.org/doi/10.1377/hlthaff.2013.0596
124,HOME HEALTH,home health,Results From A Patient-Centered Medical Home Pilot At UPMC Health Plan Hold Lessons For Broader Adoption Of The Model,"Cynthia Napier Rosenberg, Pamela Peele, Donna Keyser, Sandra McAnallen, and Diane Holder",November-2012,RESEARCH ARTICLE,,https://www.healthaffairs.org/doi/10.1377/hlthaff.2011.1002
125,HOME HEALTH,home health,Durable Medical Equipment And Home Health Among The Largest Contributors To Area Variations In Use Of Medicare Services,"James D. Reschovsky, Arkadipta Ghosh, Kate A. Stewart, and Deborah J. Chollet",May-2012,RESEARCH ARTICLE,,https://www.healthaffairs.org/doi/10.1377/hlthaff.2011.0243
126,HOME HEALTH,home health,A Health Plan Spurs Transformation Of Primary Care Practices Into Better-Paid Medical Homes,J. Lester Feder,March-2011,RESEARCH ARTICLE,,https://www.healthaffairs.org/doi/10.1377/hlthaff.2011.0112
127,HOME HEALTH,home health,The Future Of Health Information Technology In The Patient-Centered Medical Home,David W. Bates and Asaf Bitton,April-2010,RESEARCH ARTICLE,,https://www.healthaffairs.org/doi/10.1377/hlthaff.2010.0007
128,HOME HEALTH,self-management,Peer Support For Self-Management Of Diabetes Improved Outcomes In International Settings,"Edwin B. Fisher, Renée I. Boothroyd, Muchieh Maggy Coufal, Linda C. Baumann, Jean Claude Mbanya, Mary Jane Rotheram-Borus, Boosaba Sanguanprasit, and Chanuantong Tanasugarn",January-2012,RESEARCH ARTICLE,,https://www.healthaffairs.org/doi/10.1377/hlthaff.2011.0914
129,HOME HEALTH,home setting,The Invisible Homebound: Setting Quality-Of-Care Standards For Home-Based Primary And Palliative Care,"Bruce Leff, Charlotte M. Carlson, Debra Saliba, and Christine Ritchie",January-2015,RESEARCH ARTICLE,AGING & HEALTH,https://www.healthaffairs.org/doi/10.1377/hlthaff.2014.1008
130,HOME HEALTH,home-based,Home-Based Care Program Reduces Disability And Promotes Aging In Place,"Sarah L. Szanton, Bruce Leff, Jennifer L. Wolff, Laken Roberts, and Laura N. Gitlin",September-2016,RESEARCH ARTICLE,AGING & HEALTH,https://www.healthaffairs.org/doi/10.1377/hlthaff.2016.0140
131,TERMINAL ILLNESS,end-of-life,Changes In End-Of-Life Care In The Medicare Shared Savings Program,"Lauren G. Gilstrap, Haiden A. Huskamp, David G. Stevenson, Michael E. Chernew, David C. Grabowski, and J. Michael McWilliams",October-2018,RESEARCH ARTICLE,END-OF-LIFE CARE,https://www.healthaffairs.org/doi/10.1377/hlthaff.2018.0491
132,TERMINAL ILLNESS,end-of-life,Factors Contributing To Geographic Variation In End-Of-Life Expenditures For Cancer Patients,"Nancy L. Keating, Haiden A. Huskamp, Elena Kouri, Deborah Schrag, Mark C. Hornbrook, David A. Haggstrom, and Mary Beth Landrum",July-2018,RESEARCH ARTICLE,CONSIDERING HEALTH SPENDING,https://www.healthaffairs.org/doi/10.1377/hlthaff.2018.0015
133,TERMINAL ILLNESS,end-of-life,Quality Of End-Of-Life Care Is Higher In The VA Compared To Care Paid For By Traditional Medicare,"Risha Gidwani-Marszowski, Jack Needleman, Vincent Mor, Katherine Faricy-Anderson, Derek B. Boothroyd, Gary Hsin, Todd H. Wagner, Karl A. Lorenz, Manali I. Patel, Vilija R. Joyce, Samantha S. Murrell, Kavitha Ramchandran, and Steven M. Asch",January-2018,RESEARCH ARTICLE,END-OF-LIFE CARE,https://www.healthaffairs.org/doi/10.1377/hlthaff.2017.0883
134,TERMINAL ILLNESS,end-of-life,A National Profile Of End-Of-Life Caregiving In The United States,"Katherine A. Ornstein, Amy S. Kelley, Evan Bollens-Lund, and Jennifer L. Wolff",July-2017,RESEARCH ARTICLE,,https://www.healthaffairs.org/doi/10.1377/hlthaff.2017.0134
135,TERMINAL ILLNESS,end-of-life,Increasing Veterans’ Hospice Use: The Veterans Health Administration’s Focus On Improving End-Of-Life Care,"Susan C. Miller, Orna Intrator, Winifred Scott, Scott T. Shreve, Ciaran S. Phibbs, Bruce Kinosian, Richard M. Allman, and Thomas E. Edes",July-2017,RESEARCH ARTICLE,,https://www.healthaffairs.org/doi/10.1377/hlthaff.2017.0173
136,TERMINAL ILLNESS,end-of-life,Approximately One In Three US Adults Completes Any Type Of Advance Directive For End-Of-Life Care,"Kuldeep N. Yadav, Nicole B. Gabler, Elizabeth Cooney, Saida Kent, Jennifer Kim, Nicole Herbst, Adjoa Mante, Scott D. Halpern, and Katherine R. Courtright",July-2017,RESEARCH ARTICLE,,https://www.healthaffairs.org/doi/10.1377/hlthaff.2017.0175
137,TERMINAL ILLNESS,end-of-life,Innovation Can Improve And Expand Aspects Of End-Of-Life Care In Low- And Middle-Income Countries,"Mark R. Steedman, Thomas Hughes-Hallett, Felicia Marie Knaul, Alexander Knuth, Omar Shamieh, and Ara Darzi",September-2014,RESEARCH ARTICLE,,https://www.healthaffairs.org/doi/10.1377/hlthaff.2014.0379
138,TERMINAL ILLNESS,end-of-life,Advance Directives And Nursing Home Stays Associated With Less Aggressive End-Of-Life Care For Patients With Severe Dementia,"Lauren H. Nicholas, Julie P.W. Bynum, Theodore J. Iwashyna, David R. Weir, and Kenneth M. Langa",April-2014,RESEARCH ARTICLE,,https://www.healthaffairs.org/doi/10.1377/hlthaff.2013.1258
139,TERMINAL ILLNESS,end-of-life,A New Medicare End-Of-Life Benefit For Nursing Home Residents,"Haiden A. Huskamp, David G. Stevenson, Michael E. Chernew, and Joseph P. Newhouse",January-2010,RESEARCH ARTICLE,,https://www.healthaffairs.org/doi/10.1377/hlthaff.2009.0523
140,TERMINAL ILLNESS,hospice care,Corporate Investors Increased Common Ownership In Hospitals And The Postacute Care And Hospice Sectors,"Annabelle C. Fowler, David C. Grabowski, Robert J. Gambrel, Haiden A. Huskamp, and David G. Stevenson",September-2017,RESEARCH ARTICLE,,https://www.healthaffairs.org/doi/10.1377/hlthaff.2017.0591
141,TERMINAL ILLNESS,hospice care,Nearly Half Of All Medicare Hospice Enrollees Received Care From Agencies Owned By Regional Or National Chains,"David G. Stevenson, Jesse B. Dalton, David C. Grabowski, and Haiden A. Huskamp",January-2015,RESEARCH ARTICLE,AGING & HEALTH,https://www.healthaffairs.org/doi/10.1377/hlthaff.2014.0599
142,TERMINAL ILLNESS,palliative care,Palliative Care Leadership Centers Are Key To The Diffusion Of Palliative Care Innovation,"J. Brian Cassel, Brynn Bowman, Maggie Rogers, Lynn H. Spragens, Diane E. Meier, and",February-2018,RESEARCH ARTICLE,DIFFUSION OF INNOVATION,https://www.healthaffairs.org/doi/10.1377/hlthaff.2017.1122
143,TERMINAL ILLNESS,palliative care,Few Hospital Palliative Care Programs Meet National Staffing Recommendations,"Joanne Spetz, Nancy Dudley, Laura Trupin, Maggie Rogers, Diane E. Meier, and Tamara Dumanovsky",September-2016,RESEARCH ARTICLE,,https://www.healthaffairs.org/doi/10.1377/hlthaff.2016.0113
144,TERMINAL ILLNESS,palliative care,The Invisible Homebound: Setting Quality-Of-Care Standards For Home-Based Primary And Palliative Care,"Bruce Leff, Charlotte M. Carlson, Debra Saliba, and Christine Ritchie",January-2015,RESEARCH ARTICLE,AGING & HEALTH,https://www.healthaffairs.org/doi/10.1377/hlthaff.2014.1008
145,TERMINAL ILLNESS,palliative care,Raising The Standard: Palliative Care In Nursing Homes,"Diane E. Meier, Betty Lim, and Melissa D.A. Carlson",January-2010,RESEARCH ARTICLE,,https://www.healthaffairs.org/doi/10.1377/hlthaff.2009.0912
146,TERMINAL ILLNESS,advanced planning,"The Alzheimer’s Study Group’s Recommendations Five Years Later: Planning Has Advanced, But Agenda Remains Unfinished",Robert Egge,April-2014,ANALYSIS & COMMENTARY,,https://www.healthaffairs.org/doi/10.1377/hlthaff.2013.1377
147,RURAL HEALTH,rural health,Medicaid Expansion And Community Health Centers: Care Quality And Service Use Increased For Rural Patients,"Megan B. Cole, Brad Wright, Ira B. Wilson, Omar Galárraga, and Amal N. Trivedi",June-2018,RESEARCH ARTICLE,PRIMARY CARE,https://www.healthaffairs.org/doi/10.1377/hlthaff.2017.1542
148,RURAL HEALTH,rural health,"Rapid Growth In Mental Health Telemedicine Use Among Rural Medicare Beneficiaries, Wide Variation Across States","Ateev Mehrotra, Haiden A. Huskamp, Jeffrey Souza, Lori Uscher-Pines, Sherri Rose, Bruce E. Landon, Anupam B. Jena, and Alisa B. Busch",May-2017,RESEARCH ARTICLE,,https://www.healthaffairs.org/doi/10.1377/hlthaff.2016.1461
149,RURAL HEALTH,rural health,Lessons From Tele-Emergency: Improving Care Quality And Health Outcomes By Expanding Support For Rural Care Systems,"Keith J. Mueller, Andrew J. Potter, A. Clinton MacKinney, and Marcia M. Ward",February-2014,RESEARCH ARTICLE,,https://www.healthaffairs.org/doi/10.1377/hlthaff.2013.1016
150,RURAL HEALTH,rural health,"Higher Risk Of Death In Rural Blacks And Whites Than Urbanites Is Related To Lower Incomes, Education, And Health Coverage","Janice C. Probst, Jessica D. Bellinger, Katrina M. Walsemann, James Hardin, and Saundra H. Glover",October-2011,RESEARCH ARTICLE,,https://www.healthaffairs.org/doi/10.1377/hlthaff.2011.0668
151,RURAL HEALTH,telehealth,Retail Outlets Using Telehealth Pose Significant Policy Questions For Health Care,"Keisuke Nakagawa, Joseph Kvedar, and Peter Yellowlees",December-2018,ANALYSIS,TELEHEALTH,https://www.healthaffairs.org/doi/10.1377/hlthaff.2018.05098
152,RURAL HEALTH,telehealth,Challenges And Opportunities Faced By Large Health Systems Implementing Telehealth,"Chad Ellimoottil, Lawrence An, Meagan Moyer, Sarah Sossong, and Judd E. Hollander",December-2018,RESEARCH ARTICLE,TELEHEALTH,https://www.healthaffairs.org/doi/10.1377/hlthaff.2018.05099
153,RURAL HEALTH,telehealth,Are State Telehealth Policies Associated With The Use Of Telehealth Services Among Underserved Populations?,"Jeongyoung Park, Clese Erikson, Xinxin Han, and Preeti Iyer",December-2018,RESEARCH ARTICLE,TELEHEALTH,https://www.healthaffairs.org/doi/10.1377/hlthaff.2018.05101
154,RURAL HEALTH,telehealth,"Telehealth In Health Centers: Key Adoption Factors, Barriers, And Opportunities","Ching-Ching Claire Lin, Anne Dievler, Carolyn Robbins, Alek Sripipatana, Matt Quinn, and Suma Nair",December-2018,RESEARCH ARTICLE,TELEHEALTH,https://www.healthaffairs.org/doi/10.1377/hlthaff.2018.05125
155,RURAL HEALTH,telehealth,The Current State Of Telehealth Evidence: A Rapid Review,"Erin Shigekawa, Margaret Fix, Garen Corbett, Dylan H. Roby, and Janet Coffman",December-2018,REVIEW ARTICLE,TELEHEALTH,https://www.healthaffairs.org/doi/10.1377/hlthaff.2018.05132
156,RURAL HEALTH,telehealth,The Effect Of A Newborn Telehealth Program On Transfers Avoided: A Multiple-Baseline Study,"Jordan Albritton, Lory Maddox, Joseph Dalto, Erick Ridout, and Stephen Minton",December-2018,RESEARCH ARTICLE,TELEHEALTH,https://www.healthaffairs.org/doi/10.1377/hlthaff.2018.05133
157,RURAL HEALTH,telehealth,Connected Health: A Review Of Technologies And Strategies To Improve Patient Care With Telemedicine And Telehealth,"Joseph Kvedar, Molly Joel Coye, and Wendy Everett",February-2014,RESEARCH ARTICLE,,https://www.healthaffairs.org/doi/10.1377/hlthaff.2013.0992
158,RURAL HEALTH,telehealth,"For Telehealth To Succeed, Privacy And Security Risks Must Be Identified And Addressed",Joseph L. Hall and Deven McGraw,February-2014,RESEARCH ARTICLE,,https://www.healthaffairs.org/doi/10.1377/hlthaff.2013.0997
159,RURAL HEALTH,telehealth,Telehealth: Seven Strategies To Successfully Implement Disruptive Technology And Transform Health Care,Lee H. Schwamm,February-2014,RESEARCH ARTICLE,,https://www.healthaffairs.org/doi/10.1377/hlthaff.2013.1021
160,RURAL HEALTH,telehealth,"Telehealth Among US Hospitals: Several Factors, Including State Reimbursement And Licensure Policies, Influence Adoption","Julia Adler-Milstein, Joseph Kvedar, and David W. Bates",February-2014,RESEARCH ARTICLE,,https://www.healthaffairs.org/doi/10.1377/hlthaff.2013.1054
161,RURAL HEALTH,telehealth,Integrated Telehealth And Care Management Program For Medicare Beneficiaries With Chronic Disease Linked To Savings,"Laurence C. Baker, Scott J. Johnson, Dendy Macaulay, and Howard Birnbaum",September-2011,RESEARCH ARTICLE,,https://www.healthaffairs.org/doi/10.1377/hlthaff.2011.0216
162,RURAL HEALTH,remote,Remote Patient Management: Technology-Enabled Innovation And Evolving Business Models For Chronic Disease Care,"Molly Joel Coye, Ateret Haselkorn, and Steven DeMello",January-2009,RESEARCH ARTICLE,,https://www.healthaffairs.org/doi/10.1377/hlthaff.28.1.126
163,TRANSITIONS AND CARE COORDINATION,care management,The Hidden Roles That Management Partners Play In Accountable Care Organizations,"Valerie A. Lewis, Thomas D’Aunno, Genevra F. Murray, Stephen M. Shortell, and Carrie H. Colla",February-2018,RESEARCH ARTICLE,ACCOUNTABLE CARE,https://www.healthaffairs.org/doi/10.1377/hlthaff.2017.1025
164,TRANSITIONS AND CARE COORDINATION,care management,Early Efforts By Medicare Accountable Care Organizations Have Limited Effect On Mental Illness Care And Management,"Alisa B. Busch, Haiden A. Huskamp, and J. Michael McWilliams",July-2016,RESEARCH ARTICLE,,https://www.healthaffairs.org/doi/10.1377/hlthaff.2015.1669
165,TRANSITIONS AND CARE COORDINATION,care management,Care Management Processes Used Less Often For Depression Than For Other Chronic Conditions In US Primary Care Practices,"Tara F. Bishop, Patricia P. Ramsay, Lawrence P. Casalino, Yuhua Bao, Harold A. Pincus, and Stephen M. Shortell",March-2016,RESEARCH ARTICLE,,https://www.healthaffairs.org/doi/10.1377/hlthaff.2015.1068
166,TRANSITIONS AND CARE COORDINATION,care management,Managing Chronic Illness: Physician Practices Increased The Use Of Care Management And Medical Home Processes,"James A. Wiley, Diane R. Rittenhouse, Stephen M. Shortell, Lawrence P. Casalino, Patricia P. Ramsay, Salma Bibi, Andrew M. Ryan, Kennon R. Copeland, and Jeffrey A. Alexander",January-2015,RESEARCH ARTICLE,,https://www.healthaffairs.org/doi/10.1377/hlthaff.2014.0404
167,TRANSITIONS AND CARE COORDINATION,care management,Independent Practice Associations And Physician-Hospital Organizations Can Improve Care Management For Smaller Practices,"Lawrence P. Casalino, Frances M. Wu, Andrew M. Ryan, Kennon Copeland, Diane R. Rittenhouse, Patricia P. Ramsay, and Stephen M. Shortell",August-2013,RESEARCH ARTICLE,,https://www.healthaffairs.org/doi/10.1377/hlthaff.2013.0205
168,TRANSITIONS AND CARE COORDINATION,care management,Integrated Telehealth And Care Management Program For Medicare Beneficiaries With Chronic Disease Linked To Savings,"Laurence C. Baker, Scott J. Johnson, Dendy Macaulay, and Howard Birnbaum",September-2011,RESEARCH ARTICLE,,https://www.healthaffairs.org/doi/10.1377/hlthaff.2011.0216
169,TRANSITIONS AND CARE COORDINATION,care management,In Connecticut: Improving Patient Medication Management In Primary Care,"Marie Smith, Margherita R. Giuliano, and Michael P. Starkowski",April-2011,RESEARCH ARTICLE,,https://www.healthaffairs.org/doi/10.1377/hlthaff.2011.0002
170,TRANSITIONS AND CARE COORDINATION,care management,Remote Patient Management: Technology-Enabled Innovation And Evolving Business Models For Chronic Disease Care,"Molly Joel Coye, Ateret Haselkorn, and Steven DeMello",January-2009,RESEARCH ARTICLE,,https://www.healthaffairs.org/doi/10.1377/hlthaff.28.1.126
171,TRANSITIONS AND CARE COORDINATION,care management,What Works In Chronic Care Management: The Case Of Heart Failure,"Julie Sochalski, Tiny Jaarsma, Harlan M. Krumholz, Ann Laramee, John J.V. McMurray, Mary D. Naylor, Michael W. Rich, Barbara Riegel, and Simon Stewart",January-2009,RESEARCH ARTICLE,,https://www.healthaffairs.org/doi/10.1377/hlthaff.28.1.179
172,TRANSITIONS AND CARE COORDINATION,transitions,Transitions Clinic Network: Challenges And Lessons In Primary Care For People Released From Prison,"Shira Shavit, Jenerius A. Aminawung, Nathan Birnbaum, Scott Greenberg, Timothy Berthold, Amie Fishman, Susan H. Busch, and Emily A. Wang",June-2017,RESEARCH ARTICLE,,https://www.healthaffairs.org/doi/10.1377/hlthaff.2017.0089
173,TRANSITIONS AND CARE COORDINATION,transitions,Optimizing Person-Centered Transitions In The Dementia Journey: A Comparison Of National Dementia Strategies,Richard H. Fortinsky and Murna Downs,April-2014,RESEARCH ARTICLE,,https://www.healthaffairs.org/doi/10.1377/hlthaff.2013.1304
174,TRANSITIONS AND CARE COORDINATION,transitions,"How Kaiser Permanente Uses Video Ethnography Of Patients For Quality Improvement, Such As In Shaping Better Care Transitions","Esther B. Neuwirth, Jim Bellows, Ana H. Jackson, and Patricia M. Price",June-2012,RESEARCH ARTICLE,,https://www.healthaffairs.org/doi/10.1377/hlthaff.2012.0134
175,TRANSITIONS AND CARE COORDINATION,transitions,"Bridging Troubled Waters: Family Caregivers, Transitions, And Long-Term Care","Carol Levine, Deborah Halper, Ariella Peist, and David A. Gould",January-2010,RESEARCH ARTICLE,,https://www.healthaffairs.org/doi/10.1377/hlthaff.2009.0520
176,TRANSITIONS AND CARE COORDINATION,care coordination,Coordination Program Reduced Acute Care Use And Increased Primary Care Visits Among Frequent Emergency Care Users,"Roberta Capp, Gregory J. Misky, Richard C. Lindrooth, Benjamin Honigman, Heather Logan, Rose Hardy, Dong Q. Nguyen, and Jennifer L. Wiler",October-2017,RESEARCH ARTICLE,ORGANIZATION OF CARE,https://www.healthaffairs.org/doi/10.1377/hlthaff.2017.0612
177,TRANSITIONS AND CARE COORDINATION,care coordination,Healthy Aging Brain Center Improved Care Coordination And Produced Net Savings,"Dustin D. French, Michael A. LaMantia, Lee R. Livin, Dorian Herceg, Catherine A. Alder, and Malaz A. Boustani",April-2014,RESEARCH ARTICLE,,https://www.healthaffairs.org/doi/10.1377/hlthaff.2013.1221
178,TRANSITIONS AND CARE COORDINATION,care coordination,Case Studies Of Orthopedic Surgery In California: The Virtues Of Care Coordination Versus Specialization,James C. Robinson,May-2013,RESEARCH ARTICLE,,https://www.healthaffairs.org/doi/10.1377/hlthaff.2012.1119
179,TRANSITIONS AND CARE COORDINATION,care coordination,Improving The Coordination Of Care For Medicaid Beneficiaries In Pennsylvania,Christina Bielaszka-DuVernay,March-2011,RESEARCH ARTICLE,,https://www.healthaffairs.org/doi/10.1377/hlthaff.2010.1298
180,TRANSITIONS AND CARE COORDINATION,transfers,The Effect Of A Newborn Telehealth Program On Transfers Avoided: A Multiple-Baseline Study,"Jordan Albritton, Lory Maddox, Joseph Dalto, Erick Ridout, and Stephen Minton",December-2018,RESEARCH ARTICLE,TELEHEALTH,https://www.healthaffairs.org/doi/10.1377/hlthaff.2018.05133
181,TRANSITIONS AND CARE COORDINATION,transfers,Conditional Cash Transfers And Health Of Low-Income Families In The US: Evaluating The Family Rewards Experiment,"Emilie Courtin, Peter Muennig, Nandita Verma, James A. Riccio, Mylene Lagarde, Paolo Vineis, Ichiro Kawachi, and Mauricio Avendano",March-2018,RESEARCH ARTICLE,DETERMINANTS OF HEALTH,https://www.healthaffairs.org/doi/10.1377/hlthaff.2017.1271
