contributors,coordinates,created_at,display_text_range,entities,extended_entities,favorite_count,favorited,full_text,geo,id,id_str,in_reply_to_screen_name,in_reply_to_status_id,in_reply_to_status_id_str,in_reply_to_user_id,in_reply_to_user_id_str,is_quote_status,lang,place,possibly_sensitive,quoted_status,quoted_status_id,quoted_status_id_str,quoted_status_permalink,retweet_count,retweeted,source,truncated,user,permalink,user_mentions,hashtags,author_name,author_followers
,,2017-11-07 19:30:33,"[0, 99]","{'hashtags': [{'text': 'biotin', 'indices': [61, 68]}, {'text': 'fxmed', 'indices': [69, 75]}], 'symbols': [], 'user_mentions': [], 'urls': [{'url': 'https://t.co/fGaJWft45m', 'expanded_url': 'http://ow.ly/lSPP30fDdS8', 'display_url': 'ow.ly/lSPP30fDdS8', 'indices': [76, 99]}]}",,2,False,Biotin Supplementation Might Interfere with Lab Test Results #biotin #fxmed https://t.co/fGaJWft45m,,927981619826307072,927981619826307072,,,,,,False,en,,False,,,,,1,False,"<a href=""http://www.hootsuite.com"" rel=""nofollow"">Hootsuite</a>",False,"{'id': 2438972058, 'id_str': '2438972058', 'name': 'Dr. Kara Fitzgerald', 'screen_name': 'kfitzgeraldnd', 'location': '', 'description': 'Dr. Fitzgerald is a naturopathic physician specializing in functional medicine.', 'url': 'http://t.co/cFi9P44zAZ', 'entities': {'url': {'urls': [{'url': 'http://t.co/cFi9P44zAZ', 'expanded_url': 'http://www.drkarafitzgerald.com', 'display_url': 'drkarafitzgerald.com', 'indices': [0, 22]}]}, 'description': {'urls': []}}, 'protected': False, 'followers_count': 2497, 'friends_count': 191, 'listed_count': 97, 'created_at': 'Fri Apr 11 19:01:20 +0000 2014', 'favourites_count': 1123, 'utc_offset': None, 'time_zone': None, 'geo_enabled': False, 'verified': False, 'statuses_count': 6045, 'lang': None, 'contributors_enabled': False, 'is_translator': False, 'is_translation_enabled': False, 'profile_background_color': 'FFFFFF', 'profile_background_image_url': 'http://abs.twimg.com/images/themes/theme1/bg.png', 'profile_background_image_url_https': 'https://abs.twimg.com/images/themes/theme1/bg.png', 'profile_background_tile': False, 'profile_image_url': 'http://pbs.twimg.com/profile_images/590898645630849025/YJo1NHW8_normal.jpg', 'profile_image_url_https': 'https://pbs.twimg.com/profile_images/590898645630849025/YJo1NHW8_normal.jpg', 'profile_banner_url': 'https://pbs.twimg.com/profile_banners/2438972058/1471223344', 'profile_link_color': '006600', 'profile_sidebar_border_color': '000000', 'profile_sidebar_fill_color': 'DDEEF6', 'profile_text_color': '333333', 'profile_use_background_image': False, 'has_extended_profile': False, 'default_profile': False, 'default_profile_image': False, 'following': False, 'follow_request_sent': False, 'notifications': False, 'translator_type': 'none'}",https://twitter.com/kfitzgeraldnd/status/927981619826307072,[],"['biotin', 'fxmed']",kfitzgeraldnd,2497
,,2017-10-16 13:29:01,"[0, 126]","{'hashtags': [{'text': 'biotin', 'indices': [110, 117]}, {'text': 'thyroid', 'indices': [118, 126]}], 'symbols': [], 'user_mentions': [], 'urls': [{'url': 'https://t.co/TwWjKIpfMo', 'expanded_url': 'https://goo.gl/aPcNnn', 'display_url': 'goo.gl/aPcNnn', 'indices': [86, 109]}]}",,1,False,"Are you bonkers for Biotin?  Learn more about Biotin and how it can affect lab tests. https://t.co/TwWjKIpfMo
#biotin #thyroid",,919918104112713728,919918104112713728,,,,,,False,en,,False,,,,,0,False,"<a href=""http://twitter.com"" rel=""nofollow"">Twitter Web Client</a>",False,"{'id': 1536723235, 'id_str': '1536723235', 'name': 'VPR POP', 'screen_name': 'VPRPOP', 'location': 'Kansas City, MO', 'description': 'VPR POP develops and manages programs that allow people to harness the power of peer-to-peer communication to make a measurable difference in health outcomes.', 'url': 'http://t.co/LQ9JCpM53n', 'entities': {'url': {'urls': [{'url': 'http://t.co/LQ9JCpM53n', 'expanded_url': 'http://vprpop.wordpress.com', 'display_url': 'vprpop.wordpress.com', 'indices': [0, 22]}]}, 'description': {'urls': []}}, 'protected': False, 'followers_count': 183, 'friends_count': 880, 'listed_count': 4, 'created_at': 'Fri Jun 21 15:05:11 +0000 2013', 'favourites_count': 73, 'utc_offset': None, 'time_zone': None, 'geo_enabled': False, 'verified': False, 'statuses_count': 271, 'lang': None, 'contributors_enabled': False, 'is_translator': False, 'is_translation_enabled': False, 'profile_background_color': '000000', 'profile_background_image_url': 'http://abs.twimg.com/images/themes/theme1/bg.png', 'profile_background_image_url_https': 'https://abs.twimg.com/images/themes/theme1/bg.png', 'profile_background_tile': False, 'profile_image_url': 'http://pbs.twimg.com/profile_images/898184529998888960/DvdiNmM8_normal.jpg', 'profile_image_url_https': 'https://pbs.twimg.com/profile_images/898184529998888960/DvdiNmM8_normal.jpg', 'profile_banner_url': 'https://pbs.twimg.com/profile_banners/1536723235/1519911509', 'profile_link_color': '003B7D', 'profile_sidebar_border_color': '000000', 'profile_sidebar_fill_color': '000000', 'profile_text_color': '000000', 'profile_use_background_image': False, 'has_extended_profile': False, 'default_profile': False, 'default_profile_image': False, 'following': False, 'follow_request_sent': False, 'notifications': False, 'translator_type': 'none'}",https://twitter.com/VPRPOP/status/919918104112713728,[],"['biotin', 'thyroid']",VPRPOP,183
,,2017-10-07 18:30:27,"[0, 99]","{'hashtags': [{'text': 'biotin', 'indices': [61, 68]}, {'text': 'fxmed', 'indices': [69, 75]}], 'symbols': [], 'user_mentions': [], 'urls': [{'url': 'https://t.co/fGaJWft45m', 'expanded_url': 'http://ow.ly/lSPP30fDdS8', 'display_url': 'ow.ly/lSPP30fDdS8', 'indices': [76, 99]}]}",,0,False,Biotin Supplementation Might Interfere with Lab Test Results #biotin #fxmed https://t.co/fGaJWft45m,,916732467796758529,916732467796758529,,,,,,False,en,,False,,,,,0,False,"<a href=""http://www.hootsuite.com"" rel=""nofollow"">Hootsuite</a>",False,"{'id': 2438972058, 'id_str': '2438972058', 'name': 'Dr. Kara Fitzgerald', 'screen_name': 'kfitzgeraldnd', 'location': '', 'description': 'Dr. Fitzgerald is a naturopathic physician specializing in functional medicine.', 'url': 'http://t.co/cFi9P44zAZ', 'entities': {'url': {'urls': [{'url': 'http://t.co/cFi9P44zAZ', 'expanded_url': 'http://www.drkarafitzgerald.com', 'display_url': 'drkarafitzgerald.com', 'indices': [0, 22]}]}, 'description': {'urls': []}}, 'protected': False, 'followers_count': 2497, 'friends_count': 191, 'listed_count': 97, 'created_at': 'Fri Apr 11 19:01:20 +0000 2014', 'favourites_count': 1123, 'utc_offset': None, 'time_zone': None, 'geo_enabled': False, 'verified': False, 'statuses_count': 6045, 'lang': None, 'contributors_enabled': False, 'is_translator': False, 'is_translation_enabled': False, 'profile_background_color': 'FFFFFF', 'profile_background_image_url': 'http://abs.twimg.com/images/themes/theme1/bg.png', 'profile_background_image_url_https': 'https://abs.twimg.com/images/themes/theme1/bg.png', 'profile_background_tile': False, 'profile_image_url': 'http://pbs.twimg.com/profile_images/590898645630849025/YJo1NHW8_normal.jpg', 'profile_image_url_https': 'https://pbs.twimg.com/profile_images/590898645630849025/YJo1NHW8_normal.jpg', 'profile_banner_url': 'https://pbs.twimg.com/profile_banners/2438972058/1471223344', 'profile_link_color': '006600', 'profile_sidebar_border_color': '000000', 'profile_sidebar_fill_color': 'DDEEF6', 'profile_text_color': '333333', 'profile_use_background_image': False, 'has_extended_profile': False, 'default_profile': False, 'default_profile_image': False, 'following': False, 'follow_request_sent': False, 'notifications': False, 'translator_type': 'none'}",https://twitter.com/kfitzgeraldnd/status/916732467796758529,[],"['biotin', 'fxmed']",kfitzgeraldnd,2497
,,2017-09-27 14:29:30,"[0, 138]","{'hashtags': [{'text': 'Biotin', 'indices': [33, 40]}], 'symbols': [], 'user_mentions': [], 'urls': [{'url': 'https://t.co/mbtMDwblNm', 'expanded_url': 'https://buff.ly/2fRlmyg', 'display_url': 'buff.ly/2fRlmyg', 'indices': [115, 138]}], 'media': [{'id': 913047950879752193, 'id_str': '913047950879752193', 'indices': [139, 162], 'media_url': 'http://pbs.twimg.com/media/DKvMRhcWAAE8wGP.jpg', 'media_url_https': 'https://pbs.twimg.com/media/DKvMRhcWAAE8wGP.jpg', 'url': 'https://t.co/ELJB0UYX4d', 'display_url': 'pic.twitter.com/ELJB0UYX4d', 'expanded_url': 'https://twitter.com/ClinChemDoc/status/913047953325076480/photo/1', 'type': 'photo', 'sizes': {'thumb': {'w': 150, 'h': 150, 'resize': 'crop'}, 'medium': {'w': 836, 'h': 1200, 'resize': 'fit'}, 'large': {'w': 1426, 'h': 2048, 'resize': 'fit'}, 'small': {'w': 474, 'h': 680, 'resize': 'fit'}}}]}","{'media': [{'id': 913047950879752193, 'id_str': '913047950879752193', 'indices': [139, 162], 'media_url': 'http://pbs.twimg.com/media/DKvMRhcWAAE8wGP.jpg', 'media_url_https': 'https://pbs.twimg.com/media/DKvMRhcWAAE8wGP.jpg', 'url': 'https://t.co/ELJB0UYX4d', 'display_url': 'pic.twitter.com/ELJB0UYX4d', 'expanded_url': 'https://twitter.com/ClinChemDoc/status/913047953325076480/photo/1', 'type': 'photo', 'sizes': {'thumb': {'w': 150, 'h': 150, 'resize': 'crop'}, 'medium': {'w': 836, 'h': 1200, 'resize': 'fit'}, 'large': {'w': 1426, 'h': 2048, 'resize': 'fit'}, 'small': {'w': 474, 'h': 680, 'resize': 'fit'}}}]}",6,False,Lab results not what you expect? #Biotin ingestion may be the culprit. Labs should identify tests that use biotin. https://t.co/mbtMDwblNm https://t.co/ELJB0UYX4d,,913047953325076480,913047953325076480,,,,,,False,en,,False,,,,,4,False,"<a href=""https://buffer.com"" rel=""nofollow"">Buffer</a>",False,"{'id': 293726146, 'id_str': '293726146', 'name': 'David Grenache, PhD', 'screen_name': 'ClinChemDoc', 'location': 'Albuquerque, NM', 'description': 'CSO/Clinical Chemist @TriCoreLabs | Clinical Prof of Pathology @UNM | President-elect @_AACC | #LabMed | #ClinicalChemistry | #DigitalHealth | Tweets my own', 'url': 'https://t.co/KpUHykC6wd', 'entities': {'url': {'urls': [{'url': 'https://t.co/KpUHykC6wd', 'expanded_url': 'http://www.pregnancylab.net', 'display_url': 'pregnancylab.net', 'indices': [0, 23]}]}, 'description': {'urls': []}}, 'protected': False, 'followers_count': 1056, 'friends_count': 209, 'listed_count': 64, 'created_at': 'Thu May 05 21:27:10 +0000 2011', 'favourites_count': 438, 'utc_offset': None, 'time_zone': None, 'geo_enabled': True, 'verified': False, 'statuses_count': 2535, 'lang': None, 'contributors_enabled': False, 'is_translator': False, 'is_translation_enabled': False, 'profile_background_color': '000000', 'profile_background_image_url': 'http://abs.twimg.com/images/themes/theme1/bg.png', 'profile_background_image_url_https': 'https://abs.twimg.com/images/themes/theme1/bg.png', 'profile_background_tile': False, 'profile_image_url': 'http://pbs.twimg.com/profile_images/1003364937203310592/LdgANw5Q_normal.jpg', 'profile_image_url_https': 'https://pbs.twimg.com/profile_images/1003364937203310592/LdgANw5Q_normal.jpg', 'profile_banner_url': 'https://pbs.twimg.com/profile_banners/293726146/1436327532', 'profile_link_color': 'ABB8C2', 'profile_sidebar_border_color': '000000', 'profile_sidebar_fill_color': '000000', 'profile_text_color': '000000', 'profile_use_background_image': False, 'has_extended_profile': False, 'default_profile': False, 'default_profile_image': False, 'following': False, 'follow_request_sent': False, 'notifications': False, 'translator_type': 'none'}",https://twitter.com/ClinChemDoc/status/913047953325076480,[],['Biotin'],ClinChemDoc,1056
,,2017-09-26 20:02:16,"[0, 137]","{'hashtags': [], 'symbols': [], 'user_mentions': [{'screen_name': 'JAMA_current', 'name': 'JAMA', 'id': 38489678, 'id_str': '38489678', 'indices': [36, 49]}], 'urls': [{'url': 'https://t.co/C7B7kvItSJ', 'expanded_url': 'http://ow.ly/7nwu30frEr6', 'display_url': 'ow.ly/7nwu30frEr6', 'indices': [114, 137]}]}",,0,False,"UMN preliminary study, published in @JAMA_current, finds biotin (also known as B7) could interfere with lab tests https://t.co/C7B7kvItSJ",,912769310749286400,912769310749286400,,,,,,False,en,,False,,,,,2,False,"<a href=""http://www.hootsuite.com"" rel=""nofollow"">Hootsuite</a>",False,"{'id': 950023356, 'id_str': '950023356', 'name': 'UMN Medical School', 'screen_name': 'umnmedschool', 'location': 'Minneapolis, Minnesota', 'description': 'The University of Minnesota Medical School is committed to innovative research, clinical excellence and educating the next generation of health leaders.', 'url': 'https://t.co/vva8KCMXUH', 'entities': {'url': {'urls': [{'url': 'https://t.co/vva8KCMXUH', 'expanded_url': 'http://med.umn.edu', 'display_url': 'med.umn.edu', 'indices': [0, 23]}]}, 'description': {'urls': []}}, 'protected': False, 'followers_count': 4762, 'friends_count': 170, 'listed_count': 92, 'created_at': 'Thu Nov 15 16:21:18 +0000 2012', 'favourites_count': 2280, 'utc_offset': None, 'time_zone': None, 'geo_enabled': True, 'verified': False, 'statuses_count': 3844, 'lang': None, 'contributors_enabled': False, 'is_translator': False, 'is_translation_enabled': False, 'profile_background_color': 'A3DCE8', 'profile_background_image_url': 'http://abs.twimg.com/images/themes/theme1/bg.png', 'profile_background_image_url_https': 'https://abs.twimg.com/images/themes/theme1/bg.png', 'profile_background_tile': False, 'profile_image_url': 'http://pbs.twimg.com/profile_images/814581834952548352/TwYpN4pt_normal.jpg', 'profile_image_url_https': 'https://pbs.twimg.com/profile_images/814581834952548352/TwYpN4pt_normal.jpg', 'profile_banner_url': 'https://pbs.twimg.com/profile_banners/950023356/1546442550', 'profile_link_color': '7A0019', 'profile_sidebar_border_color': 'FFFFFF', 'profile_sidebar_fill_color': 'DDEEF6', 'profile_text_color': '333333', 'profile_use_background_image': False, 'has_extended_profile': False, 'default_profile': False, 'default_profile_image': False, 'following': False, 'follow_request_sent': False, 'notifications': False, 'translator_type': 'none'}",https://twitter.com/umnmedschool/status/912769310749286400,['JAMA_current'],[],umnmedschool,4762
,,2017-09-02 12:56:12,"[15, 149]","{'hashtags': [], 'symbols': [], 'user_mentions': [{'screen_name': 'NaturesBounty', 'name': ""Nature's Bounty"", 'id': 21319274, 'id_str': '21319274', 'indices': [0, 14]}], 'urls': []}",,3,False,"@NaturesBounty People with thyroid issues are likely to seek out biotin, but I learned biotin interferes with thyroid lab test results, esp T4 tests.",,903964777801809920,903964777801809920,NaturesBounty,9.022254631620198e+17,902225463162019840,21319274.0,21319274,False,en,,,,,,,0,False,"<a href=""http://twitter.com/download/android"" rel=""nofollow"">Twitter for Android</a>",False,"{'id': 301272193, 'id_str': '301272193', 'name': 'Vladiya', 'screen_name': 'aionVlad', 'location': 'Who even knows anymore', 'description': '| ★☆ | 치유성 | Gamer | Anaheim Ducks Fan | S.T.E.M. | Extroverted Nerdy Woman | Ally', 'url': None, 'entities': {'description': {'urls': []}}, 'protected': False, 'followers_count': 354, 'friends_count': 398, 'listed_count': 8, 'created_at': 'Thu May 19 05:42:48 +0000 2011', 'favourites_count': 38807, 'utc_offset': None, 'time_zone': None, 'geo_enabled': False, 'verified': False, 'statuses_count': 25187, 'lang': None, 'contributors_enabled': False, 'is_translator': False, 'is_translation_enabled': False, 'profile_background_color': '022330', 'profile_background_image_url': 'http://abs.twimg.com/images/themes/theme5/bg.gif', 'profile_background_image_url_https': 'https://abs.twimg.com/images/themes/theme5/bg.gif', 'profile_background_tile': True, 'profile_image_url': 'http://pbs.twimg.com/profile_images/488031976469700609/ONrIXhr-_normal.jpeg', 'profile_image_url_https': 'https://pbs.twimg.com/profile_images/488031976469700609/ONrIXhr-_normal.jpeg', 'profile_banner_url': 'https://pbs.twimg.com/profile_banners/301272193/1405186206', 'profile_link_color': '0084B4', 'profile_sidebar_border_color': 'FFFFFF', 'profile_sidebar_fill_color': '99CC33', 'profile_text_color': '3E4415', 'profile_use_background_image': True, 'has_extended_profile': False, 'default_profile': False, 'default_profile_image': False, 'following': False, 'follow_request_sent': False, 'notifications': False, 'translator_type': 'none'}",https://twitter.com/aionVlad/status/903964777801809920,['NaturesBounty'],[],aionVlad,354
,,2017-08-31 18:27:48,"[0, 77]","{'hashtags': [], 'symbols': [], 'user_mentions': [], 'urls': [{'url': 'https://t.co/HE07RbrEP0', 'expanded_url': 'https://goo.gl/pFCAgh', 'display_url': 'goo.gl/pFCAgh', 'indices': [54, 77]}]}",,0,False,"Mayo takes aim at biotin's effect on lab test results
https://t.co/HE07RbrEP0",,903323453679443969,903323453679443969,,,,,,False,en,,False,,,,,0,False,"<a href=""http://twitter.com"" rel=""nofollow"">Twitter Web Client</a>",False,"{'id': 325678041, 'id_str': '325678041', 'name': '360Dx', 'screen_name': '360DxNews', 'location': '', 'description': 'Real-time news on the IVD market from the publishers of GenomeWeb.', 'url': None, 'entities': {'description': {'urls': []}}, 'protected': False, 'followers_count': 672, 'friends_count': 687, 'listed_count': 19, 'created_at': 'Tue Jun 28 17:54:43 +0000 2011', 'favourites_count': 6, 'utc_offset': None, 'time_zone': None, 'geo_enabled': False, 'verified': False, 'statuses_count': 4690, 'lang': None, 'contributors_enabled': False, 'is_translator': False, 'is_translation_enabled': False, 'profile_background_color': 'C0DEED', 'profile_background_image_url': 'http://abs.twimg.com/images/themes/theme1/bg.png', 'profile_background_image_url_https': 'https://abs.twimg.com/images/themes/theme1/bg.png', 'profile_background_tile': False, 'profile_image_url': 'http://pbs.twimg.com/profile_images/779386999325224960/0OtQrBR2_normal.jpg', 'profile_image_url_https': 'https://pbs.twimg.com/profile_images/779386999325224960/0OtQrBR2_normal.jpg', 'profile_banner_url': 'https://pbs.twimg.com/profile_banners/325678041/1474655349', 'profile_link_color': '1DA1F2', 'profile_sidebar_border_color': 'C0DEED', 'profile_sidebar_fill_color': 'DDEEF6', 'profile_text_color': '333333', 'profile_use_background_image': True, 'has_extended_profile': False, 'default_profile': True, 'default_profile_image': False, 'following': False, 'follow_request_sent': False, 'notifications': False, 'translator_type': 'none'}",https://twitter.com/360DxNews/status/903323453679443969,[],[],360DxNews,672
,,2017-08-29 19:04:03,"[0, 139]","{'hashtags': [], 'symbols': [], 'user_mentions': [], 'urls': [{'url': 'https://t.co/sAeO9cO1Um', 'expanded_url': 'http://fb.me/FbQ7nD9g', 'display_url': 'fb.me/FbQ7nD9g', 'indices': [116, 139]}]}",,0,False,"FREE webinar: Is Biotin Interfering With Your Lab’s Test Results?
Date: September 28, 2017 
Time: 2:00 PM - 3:00... https://t.co/sAeO9cO1Um",,902607799129079809,902607799129079809,,,,,,False,en,,False,,,,,3,False,"<a href=""http://www.facebook.com/twitter"" rel=""nofollow"">Facebook</a>",False,"{'id': 81846137, 'id_str': '81846137', 'name': 'MedicalLab', 'screen_name': 'MedicalLabMLO', 'location': 'Sarasota, Florida', 'description': 'Medical Laboratory Observer - Peer Reviewed Management Source for Lab Professionals since 1969. Daily LABline newsletters! Visit us at Facebook, too!', 'url': 'http://t.co/ZiUbzlLcgX', 'entities': {'url': {'urls': [{'url': 'http://t.co/ZiUbzlLcgX', 'expanded_url': 'http://www.mlo-online.com/', 'display_url': 'mlo-online.com', 'indices': [0, 22]}]}, 'description': {'urls': []}}, 'protected': False, 'followers_count': 16296, 'friends_count': 11355, 'listed_count': 61, 'created_at': 'Mon Oct 12 13:49:37 +0000 2009', 'favourites_count': 332, 'utc_offset': None, 'time_zone': None, 'geo_enabled': False, 'verified': False, 'statuses_count': 6596, 'lang': None, 'contributors_enabled': False, 'is_translator': False, 'is_translation_enabled': False, 'profile_background_color': 'C0DEED', 'profile_background_image_url': 'http://abs.twimg.com/images/themes/theme1/bg.png', 'profile_background_image_url_https': 'https://abs.twimg.com/images/themes/theme1/bg.png', 'profile_background_tile': False, 'profile_image_url': 'http://pbs.twimg.com/profile_images/713063023607418882/KqaWTrXc_normal.jpg', 'profile_image_url_https': 'https://pbs.twimg.com/profile_images/713063023607418882/KqaWTrXc_normal.jpg', 'profile_banner_url': 'https://pbs.twimg.com/profile_banners/81846137/1458842480', 'profile_link_color': '1DA1F2', 'profile_sidebar_border_color': 'C0DEED', 'profile_sidebar_fill_color': 'DDEEF6', 'profile_text_color': '333333', 'profile_use_background_image': True, 'has_extended_profile': False, 'default_profile': True, 'default_profile_image': False, 'following': False, 'follow_request_sent': False, 'notifications': False, 'translator_type': 'none'}",https://twitter.com/MedicalLabMLO/status/902607799129079809,[],[],MedicalLabMLO,16296
,,2017-08-29 17:11:15,"[0, 97]","{'hashtags': [], 'symbols': [], 'user_mentions': [], 'urls': [{'url': 'https://t.co/IhZZ4WVyDU', 'expanded_url': 'http://aacc.msgfocus.com/q/1IgMQiSwJBudKnsXajvLg/wv', 'display_url': 'aacc.msgfocus.com/q/1IgMQiSwJBud…', 'indices': [74, 97]}]}",,0,False,Is biotin interfering with your lab's test results? A webinar from AACC.  https://t.co/IhZZ4WVyDU,,902579412620759041,902579412620759041,,,,,,False,en,,False,,,,,0,False,"<a href=""http://twitter.com"" rel=""nofollow"">Twitter Web Client</a>",False,"{'id': 57463391, 'id_str': '57463391', 'name': 'Daniel Cox, Ph.D.', 'screen_name': 'ClinLabNews', 'location': 'Massachusetts', 'description': 'News and information source for clinical laboratory professionals', 'url': 'http://t.co/08quRZVatB', 'entities': {'url': {'urls': [{'url': 'http://t.co/08quRZVatB', 'expanded_url': 'http://www.clinlabnews.com', 'display_url': 'clinlabnews.com', 'indices': [0, 22]}]}, 'description': {'urls': []}}, 'protected': False, 'followers_count': 1572, 'friends_count': 767, 'listed_count': 48, 'created_at': 'Thu Jul 16 22:14:28 +0000 2009', 'favourites_count': 150, 'utc_offset': None, 'time_zone': None, 'geo_enabled': False, 'verified': False, 'statuses_count': 1641, 'lang': None, 'contributors_enabled': False, 'is_translator': False, 'is_translation_enabled': False, 'profile_background_color': 'C0DEED', 'profile_background_image_url': 'http://abs.twimg.com/images/themes/theme1/bg.png', 'profile_background_image_url_https': 'https://abs.twimg.com/images/themes/theme1/bg.png', 'profile_background_tile': True, 'profile_image_url': 'http://pbs.twimg.com/profile_images/317170483/CLN_logo_normal.gif', 'profile_image_url_https': 'https://pbs.twimg.com/profile_images/317170483/CLN_logo_normal.gif', 'profile_link_color': '0084B4', 'profile_sidebar_border_color': 'C0DEED', 'profile_sidebar_fill_color': 'DDEEF6', 'profile_text_color': '333333', 'profile_use_background_image': True, 'has_extended_profile': False, 'default_profile': False, 'default_profile_image': False, 'following': False, 'follow_request_sent': False, 'notifications': False, 'translator_type': 'none'}",https://twitter.com/ClinLabNews/status/902579412620759041,[],[],ClinLabNews,1572
,,2017-07-08 16:02:33,"[0, 131]","{'hashtags': [{'text': 'autoimmune', 'indices': [7, 18]}], 'symbols': [], 'user_mentions': [], 'urls': [{'url': 'https://t.co/OEtz2SmvGM', 'expanded_url': 'http://bit.ly/2jojdLg', 'display_url': 'bit.ly/2jojdLg', 'indices': [108, 131]}]}",,0,False,MS and #autoimmune people-do you take biotin? Important info on how it affects lab tests but helps symptoms https://t.co/OEtz2SmvGM,,883717953501396992,883717953501396992,,,,,,False,en,,False,,,,,0,False,"<a href=""http://meetedgar.com"" rel=""nofollow"">Meet Edgar</a>",False,"{'id': 716358898878271489, 'id_str': '716358898878271489', 'name': 'Lisa Akers', 'screen_name': 'HerbalistLisa', 'location': 'Highlands Ranch, CO, United St', 'description': 'Herbalist, spaceship builder, mom & wife. Making the complicated problems of health and spaceflight understandable and solvable.', 'url': 'https://t.co/1QXHfBmiWE', 'entities': {'url': {'urls': [{'url': 'https://t.co/1QXHfBmiWE', 'expanded_url': 'http://lisaakers.com', 'display_url': 'lisaakers.com', 'indices': [0, 23]}]}, 'description': {'urls': []}}, 'protected': False, 'followers_count': 866, 'friends_count': 559, 'listed_count': 10, 'created_at': 'Sat Apr 02 20:17:25 +0000 2016', 'favourites_count': 502, 'utc_offset': None, 'time_zone': None, 'geo_enabled': False, 'verified': False, 'statuses_count': 2150, 'lang': None, 'contributors_enabled': False, 'is_translator': False, 'is_translation_enabled': False, 'profile_background_color': '000000', 'profile_background_image_url': 'http://abs.twimg.com/images/themes/theme1/bg.png', 'profile_background_image_url_https': 'https://abs.twimg.com/images/themes/theme1/bg.png', 'profile_background_tile': False, 'profile_image_url': 'http://pbs.twimg.com/profile_images/777313139905875968/WpTy5s_q_normal.jpg', 'profile_image_url_https': 'https://pbs.twimg.com/profile_images/777313139905875968/WpTy5s_q_normal.jpg', 'profile_banner_url': 'https://pbs.twimg.com/profile_banners/716358898878271489/1496158044', 'profile_link_color': '395F2B', 'profile_sidebar_border_color': '000000', 'profile_sidebar_fill_color': '000000', 'profile_text_color': '000000', 'profile_use_background_image': False, 'has_extended_profile': False, 'default_profile': False, 'default_profile_image': False, 'following': False, 'follow_request_sent': False, 'notifications': False, 'translator_type': 'none'}",https://twitter.com/HerbalistLisa/status/883717953501396992,[],['autoimmune'],HerbalistLisa,866
,,2017-04-29 11:54:28,"[0, 138]","{'hashtags': [{'text': 'Biotin', 'indices': [0, 7]}], 'symbols': [], 'user_mentions': [{'screen_name': 'MayoClinic', 'name': 'Mayo Clinic', 'id': 14592723, 'id_str': '14592723', 'indices': [66, 77]}], 'urls': [{'url': 'https://t.co/pY3KpOKt2k', 'expanded_url': 'https://twitter.com/JAMAInternalMed/status/858274669035651072', 'display_url': 'twitter.com/JAMAInternalMe…', 'indices': [139, 162]}]}",,0,False,"#Biotin supplements can mess with lab tests for thyroid function, @MayoClinic case shows. Need for better patient-physician communication? https://t.co/pY3KpOKt2k",,858288370681884672,858288370681884672,,,,,,True,en,,False,"{'created_at': 'Sat Apr 29 11:00:01 +0000 2017', 'id': 858274669035651072, 'id_str': '858274669035651072', 'full_text': 'Biotin makes free T4 and TRAB extraordinarily high and TSH deceptively low! #notGraves #biotininterference https://t.co/joIQfLAAr1 https://t.co/3fDeXXTAKN', 'truncated': False, 'display_text_range': [0, 130], 'entities': {'hashtags': [{'text': 'notGraves', 'indices': [76, 86]}, {'text': 'biotininterference', 'indices': [87, 106]}], 'symbols': [], 'user_mentions': [], 'urls': [{'url': 'https://t.co/joIQfLAAr1', 'expanded_url': 'http://ja.ma/2lI5Iqa', 'display_url': 'ja.ma/2lI5Iqa', 'indices': [107, 130]}], 'media': [{'id': 858274664493273088, 'id_str': '858274664493273088', 'indices': [131, 154], 'media_url': 'http://pbs.twimg.com/media/C-k0QpDW0AAh1WN.jpg', 'media_url_https': 'https://pbs.twimg.com/media/C-k0QpDW0AAh1WN.jpg', 'url': 'https://t.co/3fDeXXTAKN', 'display_url': 'pic.twitter.com/3fDeXXTAKN', 'expanded_url': 'https://twitter.com/JAMAInternalMed/status/858274669035651072/photo/1', 'type': 'photo', 'sizes': {'thumb': {'w': 150, 'h': 150, 'resize': 'crop'}, 'small': {'w': 221, 'h': 218, 'resize': 'fit'}, 'medium': {'w': 221, 'h': 218, 'resize': 'fit'}, 'large': {'w': 221, 'h': 218, 'resize': 'fit'}}}]}, 'extended_entities': {'media': [{'id': 858274664493273088, 'id_str': '858274664493273088', 'indices': [131, 154], 'media_url': 'http://pbs.twimg.com/media/C-k0QpDW0AAh1WN.jpg', 'media_url_https': 'https://pbs.twimg.com/media/C-k0QpDW0AAh1WN.jpg', 'url': 'https://t.co/3fDeXXTAKN', 'display_url': 'pic.twitter.com/3fDeXXTAKN', 'expanded_url': 'https://twitter.com/JAMAInternalMed/status/858274669035651072/photo/1', 'type': 'photo', 'sizes': {'thumb': {'w': 150, 'h': 150, 'resize': 'crop'}, 'small': {'w': 221, 'h': 218, 'resize': 'fit'}, 'medium': {'w': 221, 'h': 218, 'resize': 'fit'}, 'large': {'w': 221, 'h': 218, 'resize': 'fit'}}}]}, 'source': '<a href=""https://www.sprinklr.com"" rel=""nofollow"">Sprinklr</a>', 'in_reply_to_status_id': None, 'in_reply_to_status_id_str': None, 'in_reply_to_user_id': None, 'in_reply_to_user_id_str': None, 'in_reply_to_screen_name': None, 'user': {'id': 54664757, 'id_str': '54664757', 'name': 'JAMA Internal Medicine', 'screen_name': 'JAMAInternalMed', 'location': 'Chicago, IL', 'description': 'JAMA #InternalMedicine is an international peer-reviewed journal providing innovative and clinically relevant research for practitioners in general internal med', 'url': 'https://t.co/W02DzUGqBT', 'entities': {'url': {'urls': [{'url': 'https://t.co/W02DzUGqBT', 'expanded_url': 'http://jamainternalmed.com', 'display_url': 'jamainternalmed.com', 'indices': [0, 23]}]}, 'description': {'urls': []}}, 'protected': False, 'followers_count': 61809, 'friends_count': 539, 'listed_count': 1106, 'created_at': 'Tue Jul 07 20:26:59 +0000 2009', 'favourites_count': 128, 'utc_offset': None, 'time_zone': None, 'geo_enabled': True, 'verified': False, 'statuses_count': 16852, 'lang': None, 'contributors_enabled': False, 'is_translator': False, 'is_translation_enabled': False, 'profile_background_color': 'C0DEED', 'profile_background_image_url': 'http://abs.twimg.com/images/themes/theme1/bg.png', 'profile_background_image_url_https': 'https://abs.twimg.com/images/themes/theme1/bg.png', 'profile_background_tile': False, 'profile_image_url': 'http://pbs.twimg.com/profile_images/1117842944638312448/EzVXGy28_normal.png', 'profile_image_url_https': 'https://pbs.twimg.com/profile_images/1117842944638312448/EzVXGy28_normal.png', 'profile_banner_url': 'https://pbs.twimg.com/profile_banners/54664757/1520440987', 'profile_link_color': '006E96', 'profile_sidebar_border_color': 'C0DEED', 'profile_sidebar_fill_color': 'DDEEF6', 'profile_text_color': '333333', 'profile_use_background_image': True, 'has_extended_profile': True, 'default_profile': False, 'default_profile_image': False, 'following': False, 'follow_request_sent': False, 'notifications': False, 'translator_type': 'none'}, 'geo': None, 'coordinates': None, 'place': None, 'contributors': None, 'is_quote_status': False, 'retweet_count': 6, 'favorite_count': 15, 'favorited': False, 'retweeted': False, 'possibly_sensitive': False, 'lang': 'en'}",8.582746690356511e+17,858274669035651072,"{'url': 'https://t.co/pY3KpOKt2k', 'expanded': 'https://twitter.com/JAMAInternalMed/status/858274669035651072', 'display': 'twitter.com/JAMAInternalMe…'}",0,False,"<a href=""http://twitter.com/download/android"" rel=""nofollow"">Twitter for Android</a>",False,"{'id': 3810014352, 'id_str': '3810014352', 'name': 'Holden Caulfield PhD', 'screen_name': 'ClinicalBriefs', 'location': '', 'description': 'Back on the hunt for med research and news that help people.', 'url': None, 'entities': {'description': {'urls': []}}, 'protected': False, 'followers_count': 326, 'friends_count': 667, 'listed_count': 62, 'created_at': 'Wed Oct 07 03:35:00 +0000 2015', 'favourites_count': 5374, 'utc_offset': None, 'time_zone': None, 'geo_enabled': False, 'verified': False, 'statuses_count': 6265, 'lang': None, 'contributors_enabled': False, 'is_translator': False, 'is_translation_enabled': False, 'profile_background_color': '131516', 'profile_background_image_url': 'http://abs.twimg.com/images/themes/theme14/bg.gif', 'profile_background_image_url_https': 'https://abs.twimg.com/images/themes/theme14/bg.gif', 'profile_background_tile': True, 'profile_image_url': 'http://pbs.twimg.com/profile_images/779016881428688897/TFyQGGxg_normal.jpg', 'profile_image_url_https': 'https://pbs.twimg.com/profile_images/779016881428688897/TFyQGGxg_normal.jpg', 'profile_banner_url': 'https://pbs.twimg.com/profile_banners/3810014352/1474567929', 'profile_link_color': '103646', 'profile_sidebar_border_color': '000000', 'profile_sidebar_fill_color': '000000', 'profile_text_color': '000000', 'profile_use_background_image': True, 'has_extended_profile': False, 'default_profile': False, 'default_profile_image': False, 'following': False, 'follow_request_sent': False, 'notifications': False, 'translator_type': 'none'}",https://twitter.com/ClinicalBriefs/status/858288370681884672,['MayoClinic'],['Biotin'],ClinicalBriefs,326
,,2017-04-29 11:00:01,"[0, 130]","{'hashtags': [{'text': 'notGraves', 'indices': [76, 86]}, {'text': 'biotininterference', 'indices': [87, 106]}], 'symbols': [], 'user_mentions': [], 'urls': [{'url': 'https://t.co/joIQfLAAr1', 'expanded_url': 'http://ja.ma/2lI5Iqa', 'display_url': 'ja.ma/2lI5Iqa', 'indices': [107, 130]}], 'media': [{'id': 858274664493273088, 'id_str': '858274664493273088', 'indices': [131, 154], 'media_url': 'http://pbs.twimg.com/media/C-k0QpDW0AAh1WN.jpg', 'media_url_https': 'https://pbs.twimg.com/media/C-k0QpDW0AAh1WN.jpg', 'url': 'https://t.co/3fDeXXTAKN', 'display_url': 'pic.twitter.com/3fDeXXTAKN', 'expanded_url': 'https://twitter.com/JAMAInternalMed/status/858274669035651072/photo/1', 'type': 'photo', 'sizes': {'thumb': {'w': 150, 'h': 150, 'resize': 'crop'}, 'small': {'w': 221, 'h': 218, 'resize': 'fit'}, 'medium': {'w': 221, 'h': 218, 'resize': 'fit'}, 'large': {'w': 221, 'h': 218, 'resize': 'fit'}}}]}","{'media': [{'id': 858274664493273088, 'id_str': '858274664493273088', 'indices': [131, 154], 'media_url': 'http://pbs.twimg.com/media/C-k0QpDW0AAh1WN.jpg', 'media_url_https': 'https://pbs.twimg.com/media/C-k0QpDW0AAh1WN.jpg', 'url': 'https://t.co/3fDeXXTAKN', 'display_url': 'pic.twitter.com/3fDeXXTAKN', 'expanded_url': 'https://twitter.com/JAMAInternalMed/status/858274669035651072/photo/1', 'type': 'photo', 'sizes': {'thumb': {'w': 150, 'h': 150, 'resize': 'crop'}, 'small': {'w': 221, 'h': 218, 'resize': 'fit'}, 'medium': {'w': 221, 'h': 218, 'resize': 'fit'}, 'large': {'w': 221, 'h': 218, 'resize': 'fit'}}}]}",15,False,Biotin makes free T4 and TRAB extraordinarily high and TSH deceptively low! #notGraves #biotininterference https://t.co/joIQfLAAr1 https://t.co/3fDeXXTAKN,,858274669035651072,858274669035651072,,,,,,False,en,,False,,,,,6,False,"<a href=""https://www.sprinklr.com"" rel=""nofollow"">Sprinklr</a>",False,"{'id': 54664757, 'id_str': '54664757', 'name': 'JAMA Internal Medicine', 'screen_name': 'JAMAInternalMed', 'location': 'Chicago, IL', 'description': 'JAMA #InternalMedicine is an international peer-reviewed journal providing innovative and clinically relevant research for practitioners in general internal med', 'url': 'https://t.co/W02DzUGqBT', 'entities': {'url': {'urls': [{'url': 'https://t.co/W02DzUGqBT', 'expanded_url': 'http://jamainternalmed.com', 'display_url': 'jamainternalmed.com', 'indices': [0, 23]}]}, 'description': {'urls': []}}, 'protected': False, 'followers_count': 61809, 'friends_count': 539, 'listed_count': 1106, 'created_at': 'Tue Jul 07 20:26:59 +0000 2009', 'favourites_count': 128, 'utc_offset': None, 'time_zone': None, 'geo_enabled': True, 'verified': False, 'statuses_count': 16852, 'lang': None, 'contributors_enabled': False, 'is_translator': False, 'is_translation_enabled': False, 'profile_background_color': 'C0DEED', 'profile_background_image_url': 'http://abs.twimg.com/images/themes/theme1/bg.png', 'profile_background_image_url_https': 'https://abs.twimg.com/images/themes/theme1/bg.png', 'profile_background_tile': False, 'profile_image_url': 'http://pbs.twimg.com/profile_images/1117842944638312448/EzVXGy28_normal.png', 'profile_image_url_https': 'https://pbs.twimg.com/profile_images/1117842944638312448/EzVXGy28_normal.png', 'profile_banner_url': 'https://pbs.twimg.com/profile_banners/54664757/1520440987', 'profile_link_color': '006E96', 'profile_sidebar_border_color': 'C0DEED', 'profile_sidebar_fill_color': 'DDEEF6', 'profile_text_color': '333333', 'profile_use_background_image': True, 'has_extended_profile': True, 'default_profile': False, 'default_profile_image': False, 'following': False, 'follow_request_sent': False, 'notifications': False, 'translator_type': 'none'}",,[],"['biotininterference', 'notGraves']",JAMAInternalMed,61809
,,2017-03-25 19:00:59,"[0, 115]","{'hashtags': [], 'symbols': [], 'user_mentions': [], 'urls': [{'url': 'https://t.co/dgZKKOGqhJ', 'expanded_url': 'http://endocrinenews.endocrine.org/january-2016-thyroid-month-beware-of-biotin/', 'display_url': 'endocrinenews.endocrine.org/january-2016-t…', 'indices': [92, 115]}]}",,0,False,Megadoses of Biotin can cause false thyroids tests depending on the assay of the lab yikes! https://t.co/dgZKKOGqhJ,,845712132851351553,845712132851351553,,,,,,False,en,,False,,,,,0,False,"<a href=""http://twitter.com"" rel=""nofollow"">Twitter Web Client</a>",False,"{'id': 123403639, 'id_str': '123403639', 'name': 'Patti', 'screen_name': 'grandma_patti', 'location': 'Texas, USA', 'description': '', 'url': None, 'entities': {'description': {'urls': []}}, 'protected': False, 'followers_count': 13, 'friends_count': 57, 'listed_count': 1, 'created_at': 'Tue Mar 16 00:29:58 +0000 2010', 'favourites_count': 37, 'utc_offset': None, 'time_zone': None, 'geo_enabled': True, 'verified': False, 'statuses_count': 421, 'lang': None, 'contributors_enabled': False, 'is_translator': False, 'is_translation_enabled': False, 'profile_background_color': '000000', 'profile_background_image_url': 'http://abs.twimg.com/images/themes/theme1/bg.png', 'profile_background_image_url_https': 'https://abs.twimg.com/images/themes/theme1/bg.png', 'profile_background_tile': False, 'profile_image_url': 'http://abs.twimg.com/sticky/default_profile_images/default_profile_normal.png', 'profile_image_url_https': 'https://abs.twimg.com/sticky/default_profile_images/default_profile_normal.png', 'profile_link_color': '981CEB', 'profile_sidebar_border_color': '000000', 'profile_sidebar_fill_color': '000000', 'profile_text_color': '000000', 'profile_use_background_image': False, 'has_extended_profile': False, 'default_profile': False, 'default_profile_image': True, 'following': False, 'follow_request_sent': False, 'notifications': False, 'translator_type': 'none'}",https://twitter.com/grandma_patti/status/845712132851351553,[],[],grandma_patti,13
,,2017-03-18 15:00:20,"[0, 124]","{'hashtags': [], 'symbols': [], 'user_mentions': [], 'urls': [{'url': 'https://t.co/C7FX3Ml5Fl', 'expanded_url': 'http://ow.ly/LuAz30a1NJk', 'display_url': 'ow.ly/LuAz30a1NJk', 'indices': [101, 124]}]}",,4,False,Important to note: High dose Biotin supplementation can cause false elevations in thyroid  lab tests https://t.co/C7FX3Ml5Fl,,843114855104233472,843114855104233472,,,,,,False,en,,False,,,,,4,False,"<a href=""http://www.hootsuite.com"" rel=""nofollow"">Hootsuite</a>",False,"{'id': 3315521027, 'id_str': '3315521027', 'name': 'OhioHealthMS', 'screen_name': 'OhioHealthMS', 'location': 'Columbus, OH', 'description': 'We intend to EMPOWER, EDUCATE & ENERGIZE those impacted by Multiple Sclerosis! #WeHaveMS #MS #MultipleSclerosis', 'url': 'https://t.co/D5yTPmIQby', 'entities': {'url': {'urls': [{'url': 'https://t.co/D5yTPmIQby', 'expanded_url': 'http://www.OhioHealth.com/MS', 'display_url': 'OhioHealth.com/MS', 'indices': [0, 23]}]}, 'description': {'urls': []}}, 'protected': False, 'followers_count': 3510, 'friends_count': 205, 'listed_count': 69, 'created_at': 'Tue Jun 09 18:09:58 +0000 2015', 'favourites_count': 15785, 'utc_offset': None, 'time_zone': None, 'geo_enabled': True, 'verified': False, 'statuses_count': 12379, 'lang': None, 'contributors_enabled': False, 'is_translator': False, 'is_translation_enabled': False, 'profile_background_color': '000000', 'profile_background_image_url': 'http://abs.twimg.com/images/themes/theme1/bg.png', 'profile_background_image_url_https': 'https://abs.twimg.com/images/themes/theme1/bg.png', 'profile_background_tile': False, 'profile_image_url': 'http://pbs.twimg.com/profile_images/982020477249114114/LfQohhhS_normal.jpg', 'profile_image_url_https': 'https://pbs.twimg.com/profile_images/982020477249114114/LfQohhhS_normal.jpg', 'profile_banner_url': 'https://pbs.twimg.com/profile_banners/3315521027/1476314091', 'profile_link_color': '1B95E0', 'profile_sidebar_border_color': '000000', 'profile_sidebar_fill_color': '000000', 'profile_text_color': '000000', 'profile_use_background_image': False, 'has_extended_profile': False, 'default_profile': False, 'default_profile_image': False, 'following': False, 'follow_request_sent': False, 'notifications': False, 'translator_type': 'none'}",https://twitter.com/OhioHealthMS/status/843114855104233472,[],[],OhioHealthMS,3510
,,2017-01-07 14:31:41,"[0, 136]","{'hashtags': [], 'symbols': [], 'user_mentions': [], 'urls': [{'url': 'https://t.co/VSnnAO72Pa', 'expanded_url': 'http://fb.me/1NcD5WLPD', 'display_url': 'fb.me/1NcD5WLPD', 'indices': [113, 136]}]}",,0,False,Biotin (water soluble vitamin B) is safe and used for MANY purposes BUT DOES INTERFERE with LAB TEST RESULTS.... https://t.co/VSnnAO72Pa,,817740493597605888,817740493597605888,,,,,,False,en,,False,,,,,0,False,"<a href=""http://www.facebook.com/twitter"" rel=""nofollow"">Facebook</a>",False,"{'id': 2341464066, 'id_str': '2341464066', 'name': 'AML', 'screen_name': 'AML_Nutrition', 'location': 'New York', 'description': 'A brand new supplement company on the cutting-edge of science and nutrition. Home of ThermoHeat: The Most Revolutionary Fat Burner Ever Developed!', 'url': 'http://t.co/zmQBkTT7Wn', 'entities': {'url': {'urls': [{'url': 'http://t.co/zmQBkTT7Wn', 'expanded_url': 'http://www.advancedmolecularlabs.com', 'display_url': 'advancedmolecularlabs.com', 'indices': [0, 22]}]}, 'description': {'urls': []}}, 'protected': False, 'followers_count': 365, 'friends_count': 238, 'listed_count': 24, 'created_at': 'Thu Feb 13 05:50:30 +0000 2014', 'favourites_count': 462, 'utc_offset': None, 'time_zone': None, 'geo_enabled': False, 'verified': False, 'statuses_count': 2108, 'lang': None, 'contributors_enabled': False, 'is_translator': False, 'is_translation_enabled': False, 'profile_background_color': '000305', 'profile_background_image_url': 'http://abs.twimg.com/images/themes/theme1/bg.png', 'profile_background_image_url_https': 'https://abs.twimg.com/images/themes/theme1/bg.png', 'profile_background_tile': False, 'profile_image_url': 'http://pbs.twimg.com/profile_images/626857830839111681/YqiFpDBG_normal.jpg', 'profile_image_url_https': 'https://pbs.twimg.com/profile_images/626857830839111681/YqiFpDBG_normal.jpg', 'profile_banner_url': 'https://pbs.twimg.com/profile_banners/2341464066/1484173092', 'profile_link_color': 'FC0511', 'profile_sidebar_border_color': '000000', 'profile_sidebar_fill_color': 'DDEEF6', 'profile_text_color': '333333', 'profile_use_background_image': True, 'has_extended_profile': False, 'default_profile': False, 'default_profile_image': False, 'following': False, 'follow_request_sent': False, 'notifications': False, 'translator_type': 'none'}",https://twitter.com/AML_Nutrition/status/817740493597605888,[],[],AML_Nutrition,365
,,2017-01-03 04:16:08,"[0, 87]","{'hashtags': [{'text': 'cfs', 'indices': [52, 56]}, {'text': 'mecfs', 'indices': [57, 63]}], 'symbols': [], 'user_mentions': [], 'urls': [{'url': 'https://t.co/msi8lStU3s', 'expanded_url': 'http://ift.tt/2isxg3J', 'display_url': 'ift.tt/2isxg3J', 'indices': [64, 87]}]}",,0,False,Supplemental Biotin Interferes with Many Lab Tests. #cfs #mecfs https://t.co/msi8lStU3s,,816136036862533632,816136036862533632,,,,,,False,en,,False,,,,,0,False,"<a href=""https://ifttt.com"" rel=""nofollow"">IFTTT</a>",False,"{'id': 1942452462, 'id_str': '1942452462', 'name': 'ME/CFS News bot', 'screen_name': 'mecfsbot', 'location': '', 'description': 'News about ME/CFS (Myalgic Encephalopathy/Chronic Fatigue Syndrome). Japanese: @cfsbotjp | #FMS News bot: @fmsbot | Administrator: @watarusekiguchi', 'url': None, 'entities': {'description': {'urls': []}}, 'protected': False, 'followers_count': 306, 'friends_count': 160, 'listed_count': 12, 'created_at': 'Mon Oct 07 00:55:41 +0000 2013', 'favourites_count': 0, 'utc_offset': None, 'time_zone': None, 'geo_enabled': False, 'verified': False, 'statuses_count': 21320, 'lang': None, 'contributors_enabled': False, 'is_translator': False, 'is_translation_enabled': False, 'profile_background_color': 'C0DEED', 'profile_background_image_url': 'http://abs.twimg.com/images/themes/theme1/bg.png', 'profile_background_image_url_https': 'https://abs.twimg.com/images/themes/theme1/bg.png', 'profile_background_tile': False, 'profile_image_url': 'http://pbs.twimg.com/profile_images/490615685324603392/zjAXI8I3_normal.jpeg', 'profile_image_url_https': 'https://pbs.twimg.com/profile_images/490615685324603392/zjAXI8I3_normal.jpeg', 'profile_link_color': '1DA1F2', 'profile_sidebar_border_color': 'C0DEED', 'profile_sidebar_fill_color': 'DDEEF6', 'profile_text_color': '333333', 'profile_use_background_image': True, 'has_extended_profile': False, 'default_profile': True, 'default_profile_image': False, 'following': False, 'follow_request_sent': False, 'notifications': False, 'translator_type': 'none'}",https://twitter.com/mecfsbot/status/816136036862533632,[],"['mecfs', 'cfs']",mecfsbot,306
,,2016-12-05 22:17:22,"[0, 135]","{'hashtags': [], 'symbols': [], 'user_mentions': [], 'urls': [{'url': 'https://t.co/ngoShWrNV0', 'expanded_url': 'http://www.abbott.com/biotin', 'display_url': 'abbott.com/biotin', 'indices': [112, 135]}], 'media': [{'id': 805880693175779328, 'id_str': '805880693175779328', 'indices': [136, 159], 'media_url': 'http://pbs.twimg.com/media/Cy8QOIAWgAA0OW8.png', 'media_url_https': 'https://pbs.twimg.com/media/Cy8QOIAWgAA0OW8.png', 'url': 'https://t.co/svVHDz1qtp', 'display_url': 'pic.twitter.com/svVHDz1qtp', 'expanded_url': 'https://twitter.com/AbbottNews/status/805898888611852288/photo/1', 'type': 'photo', 'sizes': {'large': {'w': 788, 'h': 505, 'resize': 'fit'}, 'small': {'w': 680, 'h': 436, 'resize': 'fit'}, 'medium': {'w': 788, 'h': 505, 'resize': 'fit'}, 'thumb': {'w': 150, 'h': 150, 'resize': 'crop'}}}]}","{'media': [{'id': 805880693175779328, 'id_str': '805880693175779328', 'indices': [136, 159], 'media_url': 'http://pbs.twimg.com/media/Cy8QOIAWgAA0OW8.png', 'media_url_https': 'https://pbs.twimg.com/media/Cy8QOIAWgAA0OW8.png', 'url': 'https://t.co/svVHDz1qtp', 'display_url': 'pic.twitter.com/svVHDz1qtp', 'expanded_url': 'https://twitter.com/AbbottNews/status/805898888611852288/photo/1', 'type': 'photo', 'sizes': {'large': {'w': 788, 'h': 505, 'resize': 'fit'}, 'small': {'w': 680, 'h': 436, 'resize': 'fit'}, 'medium': {'w': 788, 'h': 505, 'resize': 'fit'}, 'thumb': {'w': 150, 'h': 150, 'resize': 'crop'}}}]}",15,False,"More people are taking biotin to strengthen hair and nails, but could it be throwing off your lab test results? https://t.co/ngoShWrNV0 https://t.co/svVHDz1qtp",,805898888611852288,805898888611852288,,,,,,False,en,,False,,,,,12,False,"<a href=""http://twitter.com"" rel=""nofollow"">Twitter Web Client</a>",False,"{'id': 360054369, 'id_str': '360054369', 'name': 'Abbott', 'screen_name': 'AbbottNews', 'location': 'Abbott Park, IL', 'description': 'This is technology at its most personal, to help you live your best, healthiest life. #lifetothefullest https://t.co/6IcXSYxpuw', 'url': 'http://t.co/UBghHfSbiA', 'entities': {'url': {'urls': [{'url': 'http://t.co/UBghHfSbiA', 'expanded_url': 'http://www.abbott.com', 'display_url': 'abbott.com', 'indices': [0, 22]}]}, 'description': {'urls': [{'url': 'https://t.co/6IcXSYxpuw', 'expanded_url': 'http://www.abbott.com/social-media-terms-of-use.html', 'display_url': 'abbott.com/social-media-t…', 'indices': [104, 127]}]}}, 'protected': False, 'followers_count': 69123, 'friends_count': 4967, 'listed_count': 1053, 'created_at': 'Mon Aug 22 16:23:33 +0000 2011', 'favourites_count': 1619, 'utc_offset': None, 'time_zone': None, 'geo_enabled': True, 'verified': True, 'statuses_count': 8336, 'lang': None, 'contributors_enabled': False, 'is_translator': False, 'is_translation_enabled': False, 'profile_background_color': '000000', 'profile_background_image_url': 'http://abs.twimg.com/images/themes/theme1/bg.png', 'profile_background_image_url_https': 'https://abs.twimg.com/images/themes/theme1/bg.png', 'profile_background_tile': False, 'profile_image_url': 'http://pbs.twimg.com/profile_images/3046804227/e701c8e1fd102dd8e797c491ea1b8fb0_normal.png', 'profile_image_url_https': 'https://pbs.twimg.com/profile_images/3046804227/e701c8e1fd102dd8e797c491ea1b8fb0_normal.png', 'profile_banner_url': 'https://pbs.twimg.com/profile_banners/360054369/1553540808', 'profile_link_color': '0099FF', 'profile_sidebar_border_color': 'FFFFFF', 'profile_sidebar_fill_color': 'E0E0E0', 'profile_text_color': '333333', 'profile_use_background_image': True, 'has_extended_profile': False, 'default_profile': False, 'default_profile_image': False, 'following': False, 'follow_request_sent': False, 'notifications': False, 'translator_type': 'none'}",https://twitter.com/AbbottNews/status/805898888611852288,[],[],AbbottNews,69123
,,2016-11-01 17:30:23,"[16, 136]","{'hashtags': [], 'symbols': [], 'user_mentions': [{'screen_name': 'LaurenCooper72', 'name': 'Lauren Cooper', 'id': 433215031, 'id_str': '433215031', 'indices': [0, 15]}], 'urls': []}",,1,False,@LaurenCooper72 Thanks for this! Interested in learning about a concerning consequence to biotin craze? It can interfere with lab tests!,,793505479720861700,793505479720861700,LaurenCooper72,7.865311178053468e+17,786531117805346816,433215031.0,433215031,False,en,,,,,,,0,False,"<a href=""http://twitter.com"" rel=""nofollow"">Twitter Web Client</a>",False,"{'id': 1339816482, 'id_str': '1339816482', 'name': ""Ryan O'Malley"", 'screen_name': 'ryanwellness1', 'location': 'Chicago, Illinois', 'description': 'Dedicated PR pro focusing on making the world a better place for all. PR and Reputation Director for YMCA.', 'url': None, 'entities': {'description': {'urls': []}}, 'protected': False, 'followers_count': 416, 'friends_count': 144, 'listed_count': 10, 'created_at': 'Tue Apr 09 18:07:00 +0000 2013', 'favourites_count': 145, 'utc_offset': None, 'time_zone': None, 'geo_enabled': False, 'verified': False, 'statuses_count': 363, 'lang': None, 'contributors_enabled': False, 'is_translator': False, 'is_translation_enabled': False, 'profile_background_color': '000000', 'profile_background_image_url': 'http://abs.twimg.com/images/themes/theme1/bg.png', 'profile_background_image_url_https': 'https://abs.twimg.com/images/themes/theme1/bg.png', 'profile_background_tile': False, 'profile_image_url': 'http://pbs.twimg.com/profile_images/930858047370559488/3GxBP4iq_normal.jpg', 'profile_image_url_https': 'https://pbs.twimg.com/profile_images/930858047370559488/3GxBP4iq_normal.jpg', 'profile_link_color': '1B95E0', 'profile_sidebar_border_color': '000000', 'profile_sidebar_fill_color': '000000', 'profile_text_color': '000000', 'profile_use_background_image': False, 'has_extended_profile': False, 'default_profile': False, 'default_profile_image': False, 'following': False, 'follow_request_sent': False, 'notifications': False, 'translator_type': 'none'}",https://twitter.com/ryanwellness1/status/793505479720861700,['LaurenCooper72'],[],ryanwellness1,416
,,2016-09-08 19:15:44,"[0, 136]","{'hashtags': [{'text': 'AACCMidwestWebinar', 'indices': [117, 136]}], 'symbols': [], 'user_mentions': [{'screen_name': 'chemistry4me', 'name': 'Brooke Katzman', 'id': 66371416, 'id_str': '66371416', 'indices': [0, 13]}], 'urls': []}",,0,False,"@chemistry4me says communication lab-physician- patient is key when using biotin, as it can affect several lab tests #AACCMidwestWebinar",,773963048344166400,773963048344166400,chemistry4me,,,66371416.0,66371416,False,en,,,,,,,0,False,"<a href=""https://about.twitter.com/products/tweetdeck"" rel=""nofollow"">TweetDeck</a>",False,"{'id': 144027303, 'id_str': '144027303', 'name': 'Maria  Willrich, PhD', 'screen_name': 'malicewi', 'location': 'Rochester, MN', 'description': ""Clinical Chemist, engaged in Protein Immunology and Proteomics. Tweets are my own, not my employer's."", 'url': None, 'entities': {'description': {'urls': []}}, 'protected': False, 'followers_count': 627, 'friends_count': 769, 'listed_count': 18, 'created_at': 'Sat May 15 03:05:49 +0000 2010', 'favourites_count': 2078, 'utc_offset': None, 'time_zone': None, 'geo_enabled': True, 'verified': False, 'statuses_count': 2250, 'lang': None, 'contributors_enabled': False, 'is_translator': False, 'is_translation_enabled': False, 'profile_background_color': '1A1B1F', 'profile_background_image_url': 'http://abs.twimg.com/images/themes/theme9/bg.gif', 'profile_background_image_url_https': 'https://abs.twimg.com/images/themes/theme9/bg.gif', 'profile_background_tile': False, 'profile_image_url': 'http://pbs.twimg.com/profile_images/647113470282854400/t5LJGABU_normal.jpg', 'profile_image_url_https': 'https://pbs.twimg.com/profile_images/647113470282854400/t5LJGABU_normal.jpg', 'profile_link_color': '2FC2EF', 'profile_sidebar_border_color': '181A1E', 'profile_sidebar_fill_color': '252429', 'profile_text_color': '666666', 'profile_use_background_image': True, 'has_extended_profile': False, 'default_profile': False, 'default_profile_image': False, 'following': False, 'follow_request_sent': False, 'notifications': False, 'translator_type': 'none'}",https://twitter.com/malicewi/status/773963048344166400,['chemistry4me'],['AACCMidwestWebinar'],malicewi,627
,,2016-08-23 12:53:56,"[0, 103]","{'hashtags': [], 'symbols': [], 'user_mentions': [], 'urls': [{'url': 'https://t.co/cJMGSbfHNp', 'expanded_url': 'http://www.nejm.org/doi/full/10.1056/NEJMc1602096#.V7xG8rkuamk.twitter', 'display_url': 'nejm.org/doi/full/10.10…', 'indices': [80, 103]}]}",,0,False,Abnormal thiroidal test results due to lab interference of high doses of biotin https://t.co/cJMGSbfHNp,,768068757432434688,768068757432434688,,,,,,False,en,,False,,,,,1,False,"<a href=""http://mobile.twitter.com"" rel=""nofollow"">Mobile Web</a>",False,"{'id': 1422394500, 'id_str': '1422394500', 'name': 'Caridad Pontes', 'screen_name': 'cpontesg', 'location': 'Barcelona, Catalunya', 'description': 'MD, PhD, Clinical Pharmacologist.', 'url': 'https://t.co/xf1kgoVR7k', 'entities': {'url': {'urls': [{'url': 'https://t.co/xf1kgoVR7k', 'expanded_url': 'https://www.linkedin.com/in/caridadpontes', 'display_url': 'linkedin.com/in/caridadpont…', 'indices': [0, 23]}]}, 'description': {'urls': []}}, 'protected': False, 'followers_count': 244, 'friends_count': 189, 'listed_count': 6, 'created_at': 'Sun May 12 06:38:52 +0000 2013', 'favourites_count': 794, 'utc_offset': None, 'time_zone': None, 'geo_enabled': False, 'verified': False, 'statuses_count': 1641, 'lang': None, 'contributors_enabled': False, 'is_translator': False, 'is_translation_enabled': False, 'profile_background_color': '000000', 'profile_background_image_url': 'http://abs.twimg.com/images/themes/theme1/bg.png', 'profile_background_image_url_https': 'https://abs.twimg.com/images/themes/theme1/bg.png', 'profile_background_tile': False, 'profile_image_url': 'http://pbs.twimg.com/profile_images/922216642578452480/pD-H-3QY_normal.jpg', 'profile_image_url_https': 'https://pbs.twimg.com/profile_images/922216642578452480/pD-H-3QY_normal.jpg', 'profile_banner_url': 'https://pbs.twimg.com/profile_banners/1422394500/1513416182', 'profile_link_color': '0084B4', 'profile_sidebar_border_color': '000000', 'profile_sidebar_fill_color': '000000', 'profile_text_color': '000000', 'profile_use_background_image': False, 'has_extended_profile': False, 'default_profile': False, 'default_profile_image': False, 'following': False, 'follow_request_sent': False, 'notifications': False, 'translator_type': 'none'}",https://twitter.com/cpontesg/status/768068757432434688,[],[],cpontesg,244
,,2016-02-03 04:08:00,"[0, 140]","{'hashtags': [], 'symbols': [], 'user_mentions': [], 'urls': [{'url': 'https://t.co/jpfTpj3ZgZ', 'expanded_url': 'http://fb.me/7LDG32IOl', 'display_url': 'fb.me/7LDG32IOl', 'indices': [117, 140]}]}",,0,False,"Do you take Biotin?!  Here's some important news:

If you do - beware of what it could be doing to your lab tests... https://t.co/jpfTpj3ZgZ",,694734052075671554,694734052075671554,,,,,,False,en,,False,,,,,0,False,"<a href=""http://www.facebook.com/twitter"" rel=""nofollow"">Facebook</a>",False,"{'id': 563944385, 'id_str': '563944385', 'name': 'Sonya Satveit', 'screen_name': 'HormoneSoup', 'location': 'North America', 'description': ""Women's Health Postpartum Mood Disorder, Infertility,  Miscarriage, PMS & Thyroid Founder @QanikDX Estonian e-resident"", 'url': 'https://t.co/k5pz7VI1ID', 'entities': {'url': {'urls': [{'url': 'https://t.co/k5pz7VI1ID', 'expanded_url': 'http://www.hormonesoup.com', 'display_url': 'hormonesoup.com', 'indices': [0, 23]}]}, 'description': {'urls': []}}, 'protected': False, 'followers_count': 2050, 'friends_count': 2546, 'listed_count': 116, 'created_at': 'Thu Apr 26 18:42:37 +0000 2012', 'favourites_count': 1575, 'utc_offset': None, 'time_zone': None, 'geo_enabled': True, 'verified': False, 'statuses_count': 10632, 'lang': None, 'contributors_enabled': False, 'is_translator': False, 'is_translation_enabled': False, 'profile_background_color': 'DBE9ED', 'profile_background_image_url': 'http://abs.twimg.com/images/themes/theme1/bg.png', 'profile_background_image_url_https': 'https://abs.twimg.com/images/themes/theme1/bg.png', 'profile_background_tile': True, 'profile_image_url': 'http://pbs.twimg.com/profile_images/783726493172174848/vGsHicp__normal.jpg', 'profile_image_url_https': 'https://pbs.twimg.com/profile_images/783726493172174848/vGsHicp__normal.jpg', 'profile_banner_url': 'https://pbs.twimg.com/profile_banners/563944385/1407254373', 'profile_link_color': 'FA4DA9', 'profile_sidebar_border_color': 'FFFFFF', 'profile_sidebar_fill_color': 'FFFFFF', 'profile_text_color': '000000', 'profile_use_background_image': True, 'has_extended_profile': False, 'default_profile': False, 'default_profile_image': False, 'following': False, 'follow_request_sent': False, 'notifications': False, 'translator_type': 'none'}",https://twitter.com/HormoneSoup/status/694734052075671554,[],[],HormoneSoup,2050
,,2013-09-17 19:17:40,"[0, 136]","{'hashtags': [{'text': 'rheum', 'indices': [117, 123]}, {'text': 'biotinidase', 'indices': [124, 136]}], 'symbols': [], 'user_mentions': [], 'urls': [{'url': 'http://t.co/priXK2ex6K', 'expanded_url': 'http://tanyamartin.com/multivitamins-biotin-for-biotinidase-deficiency/', 'display_url': 'tanyamartin.com/multivitamins-…', 'indices': [34, 56]}]}",,0,False,"Biotin for Biotinidase Deficiency http://t.co/priXK2ex6K Issues with lab tests, gov. recommendations &amp; products. #rheum #biotinidase",,380047922013827072,380047922013827072,,,,,,False,en,,False,,,,,1,False,"<a href=""https://dev.twitter.com/docs/tfw"" rel=""nofollow"">Twitter for Websites</a>",False,"{'id': 25227297, 'id_str': '25227297', 'name': 'Tanya Martin', 'screen_name': 'geekgoodgirl', 'location': 'Torrance, California', 'description': 'A  geek with a camera living with Biotinidase Deficiency was misdiagnosed with Rheumatoid Arthritis. Author of Faces of Juicing http://t.co/Hfes4dcaxY', 'url': 'http://t.co/n4nBXXfzR4', 'entities': {'url': {'urls': [{'url': 'http://t.co/n4nBXXfzR4', 'expanded_url': 'http://www.geekgoodgirl.com/', 'display_url': 'geekgoodgirl.com', 'indices': [0, 22]}]}, 'description': {'urls': [{'url': 'http://t.co/Hfes4dcaxY', 'expanded_url': 'http://facesofjuicing.com/', 'display_url': 'facesofjuicing.com', 'indices': [128, 150]}]}}, 'protected': False, 'followers_count': 1013, 'friends_count': 844, 'listed_count': 87, 'created_at': 'Thu Mar 19 03:19:11 +0000 2009', 'favourites_count': 106, 'utc_offset': None, 'time_zone': None, 'geo_enabled': True, 'verified': False, 'statuses_count': 8759, 'lang': None, 'contributors_enabled': False, 'is_translator': False, 'is_translation_enabled': False, 'profile_background_color': 'FCF9F9', 'profile_background_image_url': 'http://abs.twimg.com/images/themes/theme10/bg.gif', 'profile_background_image_url_https': 'https://abs.twimg.com/images/themes/theme10/bg.gif', 'profile_background_tile': False, 'profile_image_url': 'http://pbs.twimg.com/profile_images/378800000135149833/ea388eca01c16fca88f5ada9b235e59c_normal.jpeg', 'profile_image_url_https': 'https://pbs.twimg.com/profile_images/378800000135149833/ea388eca01c16fca88f5ada9b235e59c_normal.jpeg', 'profile_banner_url': 'https://pbs.twimg.com/profile_banners/25227297/1408644381', 'profile_link_color': '72157A', 'profile_sidebar_border_color': 'FFFFFF', 'profile_sidebar_fill_color': 'E0A2A3', 'profile_text_color': '000000', 'profile_use_background_image': True, 'has_extended_profile': False, 'default_profile': False, 'default_profile_image': False, 'following': False, 'follow_request_sent': False, 'notifications': False, 'translator_type': 'none'}",https://twitter.com/geekgoodgirl/status/380047922013827072,[],"['biotinidase', 'rheum']",geekgoodgirl,1013
